kind,source_file,source_line,match_text,target_day,target_page,target_page_end,target_file,anchor_present,decision,notes,context
bare-page,content/appendix/01-day-1.qmd,31,page 12,,12,,content/appendix/02-day-2.qmd,Y,link,,"In our context, and with our special interest in processes being in, or at least heading toward, statistical control, we might try to narrow the breadth of the difficulty by proposing that the term..."
bare-page,content/appendix/01-day-1.qmd,37,pages 3–4,,3,4,content/appendix/01-day-1.qmd,Y,external-work-candidate,external-book candidate (also spans pages 3-4): book-title/author match nearby,"I’ll prepare the ground by quoting *verbatim* from a magnificent presentation that Deming gave to an audience at the Palace of Versailles, France in 1989, transcribed in BDA Booklet A6: *Profound K..."
bare-page,content/appendix/01-day-1.qmd,57,page 277,,277,,,N,anchor-needed,,"In effect, Shewhart was considering the tightness or the looseness of the criterion which should be used as the dividing-line between judging the process to be in statistical control or not of stat..."
bare-page,content/appendix/02-day-2.qmd,160,page 13,,13,,content/appendix/02-day-2.qmd,Y,external-work-candidate,external-book candidate: book-title/author match nearby,"Many years ago the late Dr Myron Tribus, a respected consultant and speaker, took around with him some randomly-generated data, displayed in a format somewhat similar to that used in the Red Beads ..."
bare-page,content/appendix/02-day-2.qmd,170,page 303,,303,,,N,external-work-candidate,external-book candidate: bracketed alternate-edition page,"Practically, surely the most important conclusion of all is that, if improvement is desired (as it should surely be), it is the *system* within which the workers work that must be improved; the wor..."
bare-page,content/appendix/02-day-2.qmd,174,page 303,,303,,,N,external-work-candidate,external-book candidate: book-title/author match nearby,Several further “profound messages” are to be found in the references provided earlier. But I shall content myself here with just one more. And this is (or should be) a particularly scary one for m...
bare-page,content/appendix/02-day-2.qmd,174,pages 351–352,,351,352,,N,external-work-candidate,external-book candidate (also spans pages 351-352): book-title/author match nearby,Several further “profound messages” are to be found in the references provided earlier. But I shall content myself here with just one more. And this is (or should be) a particularly scary one for m...
bare-page,content/appendix/03-day-3.qmd,68,pages 280–284,,280,284,,N,external-work-candidate,external-book candidate (also spans pages 280-284): bracketed alternate-edition page,"Since there is considerable discussion on the Funnel Experiment in *DemDim* Chapter 5 and also in both *Out of the Crisis* (pages 280–284 [327–332]) and *The New Economics* (Chapter 9), there is no..."
bare-page,content/appendix/05-day-5.qmd,37,page 228,,228,,,N,external-work-candidate,external-book candidate: bracketed alternate-edition page,"Fear increases variation in so many obvious ways. People or groups ""doing their own thing"" for personal survival clearly increases variation. Another frequent observation from Dr Deming was: ""… [wh..."
bare-page,content/appendix/05-day-5.qmd,63,page 57,,57,,,N,external-work-candidate,external-book candidate: bracketed alternate-edition page,"One of the slogans Dr Deming cites on *Out of the Crisis* page 57*[66]* is ""Getting Better Together"". He comments: [""… workers have told me that this slogan makes them furious. Together! What is th..."
bare-page,content/appendix/05-day-5.qmd,131,page 24,,24,,content/appendix/05-day-5.qmd,Y,external-work-candidate,external-book candidate: bracketed alternate-edition page,"Recall the emphasis on *innovation* in the discussion of Point 1 in *Out of the Crisis*. There (on page 24*[25]* of his book) Dr Deming states unambiguously that [""Innovation, the foundation of the..."
bare-page,content/appendix/05-day-5.qmd,183,page 103,,103,,,N,external-work-candidate,external-book candidate: bracketed alternate-edition page,This is where Dr Deming saw this Deadly Disease as being its most damaging (*Out of the Crisis* page 103 *[121]*):
bare-page,content/appendix/05-day-5.qmd,209,pages 151–152,,151,152,,N,external-work-candidate,external-book candidate (also spans pages 151-152): book-title/author match nearby,"There is considerable wisdom in understanding the *limitations* of figures as a vital part of maturity in the Scientific Approach—or indeed of a statistician—but it is rare. For some exceptions, th..."
bare-page,content/appendix/06-day-7.qmd,83,page 7,,7,,content/appendix/02-day-2.qmd | content/appendix/contributions-balaji-reddie/02-prelude-b-statistical-thinking.qmd,Y,link,multiple candidate anchors: content/appendix/02-day-2.qmd | content/appendix/contributions-balaji-reddie/02-prelude-b-statistical-thinking.qmd,"Faults in education were stated well by Edward A Reynolds in *Standardization News* (Philadelphia), April 1983, page 7:"
bare-page,content/appendix/09-day-11.qmd,21,page 143,,143,,,N,external-work-candidate,external-book candidate: book-title/author match nearby,"As we know, Points 1 and 5 and the first Deadly Disease are concerned with genuine, sustained and sustainable improvement, and that most certainly is what the Deming Cycle is for. Although the Plan..."
bare-page,content/appendix/09-day-11.qmd,33,page 103,,103,,,N,external-work-candidate,external-book candidate: bracketed alternate-edition page,"Nevertheless, it could well be possible to see strong links between just this one aspect of Part D (let alone all the rest of it) and the need to adopt all the 14 Points and eliminate all the Deadl..."
bare-page,content/appendix/10-optional-extras.qmd,85,page 196,,196,,,N,external-work-candidate,external-book candidate: book-title/author match nearby,My great friend Don Wheeler (from whom I've learned so much over the years) told me about a family of probability distributions that was studied by Irving W Burr. Some of them look remarkably like ...
bare-page,content/appendix/10-optional-extras.qmd,123,page 120,,120,,,N,external-work-candidate,external-book candidate: bracketed alternate-edition page,"[""A better description of the world is the Taguchi loss function""]{.deming_quote} said Deming on *Out of the Crisis* page 120 *[141]*. What's that when it's at home?! Basically it's the rather reas..."
bare-page,content/appendix/10-optional-extras.qmd,145,page 10,,10,,content/appendix/02-day-2.qmd,Y,external-work-candidate,external-book candidate: book-title/author match nearby,^a^ (page 10)   This quotation from the Deming A5 Booklet W2 (formally BDA Booklet W2) has been reproduced with the approval of the Deming Transformation Forum.
bare-page,content/appendix/contributions-balaji-reddie/01-prelude-a-system.qmd,9,page 35,,35,,content/appendix/06-day-7.qmd,Y,external-work-candidate,external-book candidate: bracketed alternate-edition page,"What exactly did Dr Deming mean by a ""system""? On *The New Economics* page 35 *[50]* he provided this description: [""A system is a network of interdependent components that work together to try to ..."
bare-page,content/appendix/contributions-balaji-reddie/01-prelude-a-system.qmd,25,page 36,,36,,content/appendix/06-day-7.qmd,Y,external-work-candidate,external-book candidate: bracketed alternate-edition page,"On *The New Economics* page 36 *[51]*, Dr Deming included a suggestion for the aim of a system in which human beings are involved. It was [""for everybody to gain … over the long term""]{.deming_quot..."
bare-page,content/appendix/contributions-balaji-reddie/03-prelude-c-learning.qmd,11,page 69,,69,,,N,external-work-candidate,external-book candidate: bracketed alternate-edition page,The following sentence (*The New Economics* page 69 [102]) is a summary of what Dr Deming saw as necessary for conveying knowledge (as opposed to information):
bare-page,content/appendix/contributions-balaji-reddie/03-prelude-c-learning.qmd,76,page 247,,247,,,N,external-work-candidate,external-book candidate: book-title/author match nearby,"Suppose we are studying a particular process. Let's assume we know of five factors that are likely to be affecting its performance. After observing the process for some time, we have a hunch that o..."
bare-page,content/appendix/contributions-balaji-reddie/03-prelude-c-learning.qmd,86,page 275,,275,,,N,external-work-candidate,external-book candidate: book-title/author match nearby,"[]{#sec-page18}These were the starting-points in the three cases. Then what? In the case of the young boy, he began to observe carefully and eventually came up with his initial theory: ""Kick ⇒ Star..."
bare-page,content/appendix/contributions-balaji-reddie/04-prelude-d-people.qmd,13,page 278,,278,,,N,external-work-candidate,external-book candidate: book-title/author match nearby,"For a start, a particularly important issue which arose in Prelude C is that we are all born with the natural desire to learn. Dr Deming most certainly subscribed to this belief, but also pointed o..."
bare-page,content/appendix/contributions-balaji-reddie/04-prelude-d-people.qmd,39,page 74,,74,,,N,external-work-candidate,external-book candidate: bracketed alternate-edition page,"(This statement is revisited on *The New Economics* page 74 [109].) So if your salary were doubled, starting tomorrow, will your work improve? You would doubtless be pleased, but would your work *i..."
bare-page,content/appendix/contributions-balaji-reddie/04-prelude-d-people.qmd,55,page 219,,219,,,N,external-work-candidate,external-book candidate: book-title/author match nearby,"During Day 8 you have already seen another ""startling"" statement, this time on *DemDim* page 219 when reading about competition in Chapter 15. It was:"
bare-page,content/appendix/contributions-balaji-reddie/04-prelude-d-people.qmd,101,pages 75–77,,75,77,,N,external-work-candidate,external-book candidate (also spans pages 75-77): bracketed alternate-edition page,"The notion that people always need a ""reward"" for doing good things has become so deep-seated that Dr Deming occasionally fell into the same trap himself! He referred to this mistake as ""overjustif..."
bare-page,content/appendix/contributions-balaji-reddie/05-coda.qmd,9,page 85,,85,,,N,external-work-candidate,external-book candidate: bracketed alternate-edition page,"Even before Prelude A began, we observed that Dr Deming, the man who largely catalysed the industrial turnround of Japan after World War Two, thought differently about how to look at things happeni..."
bare-page,content/appendix/contributions-balaji-reddie/06-lessons-from-history.qmd,42,page 250,,250,,,N,external-work-candidate,external-book candidate: book-title/author match nearby,You can probably immediately recognise what he meant by that. It's well-summarised in his words on *DemDim* page 250:
bare-page,content/appendix/contributions-balaji-reddie/06-lessons-from-history.qmd,192,pages 241–244,,241,244,,N,external-work-candidate,external-book candidate (also spans pages 241-244): book-title/author match nearby,"[^a]: The ""Epilogue"" on pages 241–244 of Mary Walton's book *The Deming Management Method* contains a much more substantial account of Dr Deming's presentation at that Deming Prize Ceremony. The ab..."
bare-page,content/appendix/contributions-balaji-reddie/06-lessons-from-history.qmd,192,page 243,,243,,,N,anchor-needed,,"[^a]: The ""Epilogue"" on pages 241–244 of Mary Walton's book *The Deming Management Method* contains a much more substantial account of Dr Deming's presentation at that Deming Prize Ceremony. The ab..."
bare-page,content/appendix/optional-extras/02-part-b-subgrouped.qmd,119,page 46,,46,,content/appendix/10-optional-extras.qmd,Y,external-work-candidate,external-book candidate: book-title/author match nearby,"The tables and notation being included here are extracts from the table of control-chart constants on page 46 of *EST*, my book of *Elementary Statistics Tables*. Those tables cover a wider variety..."
bare-page,content/appendix/optional-extras/02-part-b-subgrouped.qmd,179,page 155,,155,,,N,anchor-needed,,There is one aspect of the *Japanese Control Chart* that I must advise you *not* to copy unless you already have really considerable knowledge and understanding of your process. That was the way in...
bare-page,content/appendix/optional-extras/03-part-c-ne-er-twain.qmd,23,page 286,,286,,,N,external-work-candidate,external-book candidate: bracketed alternate-edition page,"You, the Deming/Shewhart student, might well like to convince the conventional Statistics student that those supposed mathematical underpinnings are irrelevant. But how can you, if you know not wha..."
bare-page,content/appendix/optional-extras/03-part-c-ne-er-twain.qmd,31,page 286,,286,,,N,external-work-candidate,external-book candidate: book-title/author match nearby,"[]{#sec-optional-extras-page-30}Firstly, there was the extract from *Out of the Crisis* page 286[pages 334–335] that I have just mentioned, and I make no apology for repeating part of the final sen..."
bare-page,content/appendix/optional-extras/03-part-c-ne-er-twain.qmd,31,pages 334–335,,334,335,,N,external-work-candidate,external-book candidate (also spans pages 334-335): book-title/author match nearby,"[]{#sec-optional-extras-page-30}Firstly, there was the extract from *Out of the Crisis* page 286[pages 334–335] that I have just mentioned, and I make no apology for repeating part of the final sen..."
bare-page,content/appendix/optional-extras/03-part-c-ne-er-twain.qmd,37,page 12,,12,,content/appendix/02-day-2.qmd,Y,external-work-candidate,external-book candidate: book-title/author match nearby,Then there was this extract from page 12 of Shewhart's 1939 book:
bare-page,content/appendix/optional-extras/03-part-c-ne-er-twain.qmd,41,page 4,,4,,content/appendix/01-day-1.qmd,Y,external-work-candidate,external-book candidate: book-title/author match nearby,"And finally there was this passionate language from Deming when he was speaking to some senior executives in France in 1989 (recorded in *Profound Knowledge*, BDA Booklet A6 page 4 and recently alr..."
bare-page,content/appendix/optional-extras/04-part-d-crash-course.qmd,525,pages 182–183,,182,183,,N,external-work-candidate,external-book candidate (also spans pages 182-183): book-title/author match nearby,"Of course, usually our sample sizes *n* are rather small compared with ""$n \to \infty$""!  But what makes the Central Limit Theorem even more attractive is that, almost always, the movement toward n..."
bare-page,content/appendix/optional-extras/05-part-e-normality.qmd,13,page 18,,18,,content/appendix/03-day-3.qmd | content/appendix/contributions-balaji-reddie/03-prelude-c-learning.qmd,Y,external-work-candidate,external-book candidate: book-title/author match nearby,"But what about those control-chart constants like 2.66? Now, some nice mathematics *is* needed in order to derive them. And it is true that they are derived using the model of a normal distribution..."
bare-page,content/appendix/optional-extras/05-part-e-normality.qmd,55,page 309,,309,,,N,external-work-candidate,external-book candidate: bracketed alternate-edition page,"As already implied when referring to random sampling, many examples of probability calculations, both at the introductory stage and later, make use of considerations of *symmetry*, which is where t..."
bare-page,content/appendix/optional-extras/05-part-e-normality.qmd,59,page 18,,18,,content/appendix/03-day-3.qmd | content/appendix/contributions-balaji-reddie/03-prelude-c-learning.qmd,Y,link,multiple candidate anchors: content/appendix/03-day-3.qmd | content/appendix/contributions-balaji-reddie/03-prelude-c-learning.qmd,So what should be done? Let me complete Shewhart's quotation to which I alluded in the [second paragraph of page 57](05-part-e-normality.qmd#sec-optional-extras-page-57) (from page 18 of his 1931 b...
bare-page,content/appendix/optional-extras/06-part-f-technical.qmd,25,pages 82–84,,82,84,,N,external-work-candidate,external-book candidate (also spans pages 82-84): book-title/author match nearby,"As you know by now, I have always been quite keen on using computer simulation studies when faced with problems that are difficult or impossible to solve just by Mathematics: simulation studies do ..."
bare-page,content/appendix/optional-extras/06-part-f-technical.qmd,517,pages 18–19,,18,19,content/appendix/03-day-3.qmd | content/appendix/contributions-balaji-reddie/03-prelude-c-learning.qmd,Y,external-work-candidate,external-book candidate (also spans pages 18-19): book-title/author match nearby,Part D includes a fairly extensive introduction and discussion on the normal distribution. So effectively all that is left is ([as promised on page 50](04-part-d-crash-course.qmd#sec-optional-extra...
bare-page,content/appendix/optional-extras/06-part-f-technical.qmd,517,pages 34–35,,34,35,content/appendix/06-day-7.qmd,Y,external-work-candidate,external-book candidate (also spans pages 34-35): book-title/author match nearby,Part D includes a fairly extensive introduction and discussion on the normal distribution. So effectively all that is left is ([as promised on page 50](04-part-d-crash-course.qmd#sec-optional-extra...
bare-page,content/appendix/optional-extras/06-part-f-technical.qmd,570,pages 14–16,,14,16,content/appendix/03-day-3.qmd,Y,external-work-candidate,external-book candidate (also spans pages 14-16): book-title/author match nearby,There's just one piece of the jigsaw left to fit in. You'll recall the guidance that it's reasonable to use the normal distribution as an approximation if $np \geq 5$ (with $p \leq q$). So how abou...
bare-page,content/appendix/optional-extras/06-part-f-technical.qmd,570,page 17,,17,,content/appendix/03-day-3.qmd,Y,external-work-candidate,external-book candidate: book-title/author match nearby,There's just one piece of the jigsaw left to fit in. You'll recall the guidance that it's reasonable to use the normal distribution as an approximation if $np \geq 5$ (with $p \leq q$). So how abou...
bare-page,content/days/day-01/03-statistics.qmd,72,page 76,1,76,,,N,external-work-candidate,external-book candidate: book-title/author match nearby,amused by a paragraph I wrote on page 76 of the second edition of my little book of *Statistics Tables* (published in 2011):
bare-page,content/days/day-01/03-statistics.qmd,82,page 2,1,2,,content/days/day-01/02-rediscovered.qmd,Y,external-work-candidate,external-book candidate: book-title/author match nearby,"Second Edition” on page 2 of my *Elementary Statistics Tables* (to be similarly abbreviated by *EST*), which"
bare-page,content/days/day-01/03-statistics.qmd,98,page 7,1,7,,content/days/day-01/03-statistics.qmd,Y,link,,"are in practice. Second, I’ll remind you of something I mentioned on page 7 of the Welcome section:"
bare-page,content/days/day-01/03-statistics.qmd,159,page 18,1,18,,content/days/day-01/06-outline.qmd,Y,external-work-candidate,external-book candidate: book-title/author match nearby,"from page 18 of Shewhart’s 1931 book which, early this afternoon, you will see described in glowing terms"
bare-page,content/days/day-01/04-resources.qmd,75,page 114,1,114,,,N,external-work-candidate,external-book candidate: bracketed alternate-edition page,give you the page references for *both* editions. I’ll do this by using e.g. “page 114[164]” or similarly
bare-page,content/days/day-01/04-resources.qmd,76,pages 57–60,1,57,60,,N,external-work-candidate,external-book candidate (also spans pages 57-60): bracketed alternate-edition page,“pages 57–60[82–87]” where page 114 and pages 57–60 refer to the new edition and page 164 and pages
bare-page,content/days/day-01/04-resources.qmd,76,page 114,1,114,,,N,anchor-needed,,“pages 57–60[82–87]” where page 114 and pages 57–60 refer to the new edition and page 164 and pages
bare-page,content/days/day-01/04-resources.qmd,76,pages 57–60,1,57,60,,N,range,"spans pages 57-60, needs editorial judgement on link target",“pages 57–60[82–87]” where page 114 and pages 57–60 refer to the new edition and page 164 and pages
bare-page,content/days/day-01/04-resources.qmd,76,page 164,1,164,,,N,anchor-needed,,“pages 57–60[82–87]” where page 114 and pages 57–60 refer to the new edition and page 164 and pages
bare-page,content/days/day-01/06-outline.qmd,79,page 300,1,300,,,N,external-work-candidate,external-book candidate: book-title/author match nearby,"(However, referring e.g. to *Out of the Crisis* page 300[pages 351–352], it is clear that he had been using"
bare-page,content/days/day-01/06-outline.qmd,79,pages 351–352,1,351,352,,N,external-work-candidate,external-book candidate (also spans pages 351-352): book-title/author match nearby,"(However, referring e.g. to *Out of the Crisis* page 300[pages 351–352], it is clear that he had been using"
bare-page,content/days/day-01/06-outline.qmd,179,page 18,1,18,,content/days/day-01/06-outline.qmd,Y,external-work-candidate,external-book candidate: book-title/author match nearby,subsequently based BDA Booklet A6: *Profound Knowledge* on the event. This quotation on page 18
bare-page,content/days/day-01/11-deming-story.qmd,149,page 27,1,27,,content/days/day-01/09-different.qmd,Y,link,,those page numbers refer to page 27 of the Third Edition and page 37 of the Second Edition.</span>) He described
bare-page,content/days/day-01/11-deming-story.qmd,149,page 37,1,37,,content/days/day-01/11-deming-story.qmd,Y,link,,those page numbers refer to page 27 of the Third Edition and page 37 of the Second Edition.</span>) He described
bare-page,content/days/day-01/11-deming-story.qmd,188,page 8,1,8,,content/days/day-01/03-statistics.qmd,Y,link,,"But there was another important reason why the Japanese listened to, and learned from, Deming. Koyanagi expressed it well on page 8 of *The Deming Prize* (1960):"
bare-page,content/days/day-01/11-deming-story.qmd,192,page 6,1,6,,content/days/day-01/02-rediscovered.qmd,Y,external-work-candidate,external-book candidate: book-title/author match nearby,"But *what* did the Japanese learn from him? *How* did he do his best for them? Was it just “Statistics”? That is what some well-known writers claim. For example, in the *Sunday Times* (London, 14 F..."
bare-page,content/days/day-01/11-deming-story.qmd,198,pages 24–27,1,24,27,,N,external-work-candidate,external-book candidate (also spans pages 24-27): book-title/author match nearby,"What did he mean by <span class=deming_quote>“the theory of a system, and cooperation”</span>? There follows an abbreviated form of his own seven-point summary of his teaching in Japan during that ..."
bare-page,content/days/day-01/11-deming-story.qmd,200,page 3,1,3,,,N,external-work-candidate,external-book candidate: book-title/author match nearby,"<span class=neave_note>The two diagrams shown on the next page, or close variants of them, will be seen again, particularly on Days 9 and 4 respectively. Their importance is indicated by the fact t..."
bare-page,content/days/day-01/11-deming-story.qmd,200,pages 3–4,1,3,4,,N,external-work-candidate,external-book candidate (also spans pages 3-4): book-title/author match nearby,"<span class=neave_note>The two diagrams shown on the next page, or close variants of them, will be seen again, particularly on Days 9 and 4 respectively. Their importance is indicated by the fact t..."
bare-page,content/days/day-01/11-deming-story.qmd,235,page 3,1,3,,,N,external-work-candidate,external-book candidate: book-title/author match nearby,<span class=neave_note>An updated version of the Chain Reaction appears on *Out of the Crisis* page 3 (both editions). There the final three steps stay the same. The first step becomes simply <span...
bare-page,content/days/day-01/11-deming-story.qmd,243,page 77,1,77,,,N,external-work-candidate,external-book candidate: book-title/author match nearby,So what were some of the consequences of Deming’s teaching to the Japanese in the summer of 1950? Let’s take the short term first. I’ll move to Chapter 7: “What Happened in Japan?” in Mrs Kilian’s ...
bare-page,content/days/day-01/11-deming-story.qmd,282,page 18,1,18,,content/days/day-01/06-outline.qmd,Y,external-work-candidate,external-book candidate: book-title/author match nearby,30 years after the breakthrough in Japan). As Mrs Kilian later wrote on page 18 of her biography:
bare-page,content/days/day-01/12-intro-activity.qmd,20,page 270,1,270,,,N,external-work-candidate,external-book candidate: bracketed alternate-edition page,"1986, on *Out of the Crisis* page 270[315], Deming was instead saying:"
bare-page,content/days/day-02/02-intro-to-the-red-beads-experiment.qmd,17,page 142,2,142,,,N,external-work-candidate,external-book candidate: book-title/author match nearby,"However, before we begin, here's a warning. I first read about the Experiment on Red Beads at least three years before I first saw it carried out at Dr Deming's London four-day seminar in 1985. My ..."
bare-page,content/days/day-02/02-intro-to-the-red-beads-experiment.qmd,17,page 299,2,299,,,N,external-work-candidate,external-book candidate: bracketed alternate-edition page,"However, before we begin, here's a warning. I first read about the Experiment on Red Beads at least three years before I first saw it carried out at Dr Deming's London four-day seminar in 1985. My ..."
bare-page,content/days/day-02/05-the-truth-the-whole-truth-and-nothing-but.qmd,48,page 107,2,107,,,N,external-work-candidate,external-book candidate: book-title/author match nearby,"The Foreman then takes the paddle over to the Inspection Department, so that both the junior inspectors and the Chief Inspector can learn their jobs. Inspection can be a tedious operation, thus inc..."
bare-page,content/days/day-02/06-your-turn.qmd,529,page 103,2,103,,,N,external-work-candidate,external-book candidate: book-title/author match nearby,"After a couple of pages of introduction to the Experiment on Red Beads at the beginning of *DemDim* Chapter 6, the data presented in Activity 2–f are discussed from the top of *DemDim* page 103. So..."
bare-page,content/days/day-03/01-variation-the-enemy-of-quality.qmd,31,pages 2–3,3,2,3,content/days/day-03/01-variation-the-enemy-of-quality.qmd,Y,external-work-candidate,external-book candidate (also spans pages 2-3): book-title/author match nearby,"Next, as promised on Day 1, here is a rather longer extract from Dr Deming's account of what happened at the Western Electric Company back in the 1920s. This is again transcribed directly from the ..."
bare-page,content/days/day-03/01-variation-the-enemy-of-quality.qmd,45,page 270,3,270,,,N,external-work-candidate,external-book candidate: book-title/author match nearby,"Unexpected as it might be, it seems that Dr Deming first used the terms ""common cause"" and ""special cause"" around 1947 in discussions on *prison riots* (see *Out of the Crisis* page 270(pages 314–3..."
bare-page,content/days/day-03/01-variation-the-enemy-of-quality.qmd,45,pages 314–315,3,314,315,,N,external-work-candidate,external-book candidate (also spans pages 314-315): book-title/author match nearby,"Unexpected as it might be, it seems that Dr Deming first used the terms ""common cause"" and ""special cause"" around 1947 in discussions on *prison riots* (see *Out of the Crisis* page 270(pages 314–3..."
bare-page,content/days/day-03/02-at-the-ford-motor-company.qmd,9,page 30,3,30,,content/days/day-03/09-the-six-processes-revisited.qmd,Y,external-work-candidate,external-book candidate: book-title/author match nearby,"On [page 2, in the Back to the Western Electric Company section](01-variation-the-enemy-of-quality.qmd#sec-page2) Dr Deming claimed that, if we mix up the two types of variation, <span class=""demin..."
bare-page,content/days/day-03/03-the-importance-of-time.qmd,124,page 229,3,229,,,N,external-work-candidate,external-book candidate: bracketed alternate-edition page,Dr Deming included a few histograms in *Out of the Crisis*. I particularly like his commentary on the following histogram which I have redrawn from page 229[267] of his book:
bare-page,content/days/day-03/04-more-on-the-sales-data.qmd,110,page 48,3,48,,content/days/day-03/11-the-first-two-rules-of-the-funnel.qmd,Y,external-work-candidate,external-book candidate: book-title/author match nearby,"Here I am able to become the ""All-Knowing""—because I know where these data originated. In fact, if you happen to have a copy of the second edition of my *Elementary Statistics Tables* (abbreviated ..."
bare-page,content/days/day-03/05-how-do-we-compute-control-limits.qmd,150,pages 82–84,3,82,84,,N,external-work-candidate,external-book candidate (also spans pages 82-84): book-title/author match nearby,"Fortunately, no. Sometimes we do use all of the available data to compute control limits retrospectively, i.e. when studying past behaviour of a process (as in the following section and also in the..."
bare-page,content/days/day-03/07-a-favourite-example.qmd,14,pages 227–228,3,227,228,,N,external-work-candidate,external-book candidate (also spans pages 227-228): book-title/author match nearby,The example described below is one which Dr Deming frequently showed in his four-day seminars and is covered on *Out of the Crisis* pages 227–228(264–266). Instead of simply reproducing what is sho...
bare-page,content/days/day-03/08-control-chart-and-brain.qmd,27,page 54,3,54,,content/days/day-03/12-rules-3-and-4-of-the-funnel.qmd,Y,external-work-candidate,external-book candidate: book-title/author match nearby,"You may recall that the Ford histograms on [page 5, at the Ford Motor Company](02-at-the-ford-motor-company.qmd#sec-page5) showed the positions of Lower and Upper Specification Limits. Deming's dis..."
bare-page,content/days/day-03/09-the-six-processes-revisited.qmd,48,page 50,3,50,,content/days/day-03/12-rules-3-and-4-of-the-funnel.qmd,Y,link,,"*With regard to these illustrations using dice, it may be worth my reproducing a suggestion from EST page 50: ""Such 'games' [as in these illustrations] are a fast and effective way to gain experien..."
bare-page,content/days/day-03/09-the-six-processes-revisited.qmd,152,page 9,3,9,,content/days/day-03/03-the-importance-of-time.qmd,Y,external-work-candidate,external-book candidate: book-title/author match nearby,"(d) There is a further illustration of the moving-range method on page 9 of the file ""Q. Contributions from Balaji Reddie""."
bare-page,content/days/day-04/01-introduction.qmd,13,pages 39–48,4,39,48,,N,external-work-candidate,external-book candidate (also spans pages 39-48): book-title/author match nearby,"My treatment of the 14 Points in those days was rather along the lines of what you can read on *DemDim* pages 39–48. I simply took them one at a time, giving a fairly full statement of the Point us..."
bare-page,content/days/day-04/01-introduction.qmd,21,page 84,4,84,,,N,external-work-candidate,external-book candidate: bracketed alternate-edition page,"I should point out that Deming mentioned two further Deadly Diseases on *Out of the Crisis* page 84[98], but described them as ""peculiar to industry in the US and beyond the scope of this book"". He..."
bare-page,content/days/day-04/01-introduction.qmd,65,page 31,4,31,,,N,external-work-candidate,external-book candidate: book-title/author match nearby,"<div class=""return_callout"" role=""note"" aria-label=""Study resource"">Now please read *DemDim* from the bottom of page 31 to the end of page 36.</div>"
bare-page,content/days/day-04/01-introduction.qmd,65,page 36,4,36,,,N,external-work-candidate,external-book candidate: book-title/author match nearby,"<div class=""return_callout"" role=""note"" aria-label=""Study resource"">Now please read *DemDim* from the bottom of page 31 to the end of page 36.</div>"
bare-page,content/days/day-04/02-the-joiner-triangle.qmd,54,pages 34–35,4,34,35,,N,external-work-candidate,external-book candidate (also spans pages 34-35): book-title/author match nearby,"(3) On *DemDim* pages 34–35 we saw Lloyd Nelson's statement about the importance of ""unknown and unknowable"" figures, followed by a number of illustrations. Spend some time thinking of further exam..."
bare-page,content/days/day-04/02-the-joiner-triangle.qmd,118,page 428,4,428,,,N,external-work-candidate,external-book candidate: bracketed alternate-edition page,"<div class=""neave_note"" role=""note"" aria-label=""Author's note"">Because the notion of assessing quality in terms of conformance to specifications is so widespread, some may find Deming's teaching on..."
bare-page,content/days/day-04/02-the-joiner-triangle.qmd,132,page 33,4,33,,,N,external-work-candidate,external-book candidate: book-title/author match nearby,"Take another look at Deming's Chain Reaction at the bottom of *DemDim* page 33. In later years, there was one link in the Chain Reaction which Dr Deming wished he had expressed differently. Can you..."
bare-page,content/days/day-04/02-the-joiner-triangle.qmd,156,page 32,4,32,,,N,external-work-candidate,external-book candidate: book-title/author match nearby,"On *DemDim* page 32, quoting from that great paper by Peter Scholtes and Heero Hacquebord, we saw:"
bare-page,content/days/day-04/02-the-joiner-triangle.qmd,315,page 35,4,35,,,N,external-work-candidate,external-book candidate: book-title/author match nearby,"First, you will have already read on *DemDim* page 35 that ""Topics which can be included under this general heading [Scientific Approach] take up a considerable proportion of this book"". It include..."
bare-page,content/days/day-04/03-the-first-project.qmd,29,pages 39–52,4,39,52,,N,external-work-candidate,external-book candidate (also spans pages 39-52): book-title/author match nearby,"- I recommend that, whilst working on this project, you read my short discussions on *DemDim* pages 39–52 about each Point and Disease in turn. They will help you to expand upon the introductory no..."
bare-page,content/days/day-04/04-points-1-to-6.qmd,14,page 3,4,3,,,N,anchor-needed,,"Notice the nice link with the Deming Chain Reaction, finishing up (as in both versions of the Chain Reaction—see the bottom of page 3) with ""provide jobs"". We have already commented ([Day 1 page 23..."
bare-page,content/days/day-04/04-points-1-to-6.qmd,250,page 33,4,33,,,N,external-work-candidate,external-book candidate: book-title/author match nearby,"<div class=""neave_note"" role=""note"" aria-label=""Author's note"">An objection to Point 5 sometimes heard from those who are not yet in tune with what Deming was teaching is that ""we can't afford to k..."
bare-page,content/days/day-04/04-points-1-to-6.qmd,265,pages 79–82,4,79,82,,N,external-work-candidate,external-book candidate (also spans pages 79-82): book-title/author match nearby,"Without All One Team, Point 5 could in fact be rather dangerous, and I have come across examples. Such danger will be multiplied if teams are encouraged or even forced to compete with each other (i..."
bare-page,content/days/day-05/02-points-7-to-14.qmd,13,page 335,5,335,,,N,external-work-candidate,external-book candidate: book-title/author match nearby,"Rather than my attempting to contrive introductory comments in this case, it will be far more useful for you to **turn to *DemDim* page 335 and read through the list of ""Attributes of a Leader""** w..."
bare-page,content/days/day-05/02-points-7-to-14.qmd,15,page 335,5,335,,,N,external-work-candidate,external-book candidate: book-title/author match nearby,"There is considerably more on Day 12 concerning Deming's specific guidance on leadership. However, you should find *DemDim* page 335 more than ample in the current context or, if you're particularl..."
bare-page,content/days/day-05/02-points-7-to-14.qmd,15,pages 333–339,5,333,339,,N,external-work-candidate,external-book candidate (also spans pages 333-339): book-title/author match nearby,"There is considerably more on Day 12 concerning Deming's specific guidance on leadership. However, you should find *DemDim* page 335 more than ample in the current context or, if you're particularl..."
bare-page,content/days/day-05/02-points-7-to-14.qmd,72,page 335,5,335,,,N,external-work-candidate,external-book candidate: book-title/author match nearby,"In Point 12 we shall find Dr Deming talking of the value of ""pride of workmanship"" and indeed ""joy in work"" (recently seen in Attribute 3 on *DemDim* page 335). Presumably the only way that they co..."
bare-page,content/days/day-05/02-points-7-to-14.qmd,190,page 59,5,59,,,N,external-work-candidate,external-book candidate: book-title/author match nearby,"This Point in particular needs reading beyond the first few words—including to the very end of the first sentence! Dr Deming was pretty scornful of mere ""slogans"" and ""exhortations"" as ways to impr..."
bare-page,content/days/day-05/02-points-7-to-14.qmd,190,pages 68–69,5,68,69,,N,external-work-candidate,external-book candidate (also spans pages 68-69): book-title/author match nearby,"This Point in particular needs reading beyond the first few words—including to the very end of the first sentence! Dr Deming was pretty scornful of mere ""slogans"" and ""exhortations"" as ways to impr..."
bare-page,content/days/day-05/02-points-7-to-14.qmd,251,page 113,5,113,,,N,external-work-candidate,external-book candidate: book-title/author match nearby,"Resources are channelled into reaching that number, irrespective of the harm caused elsewhere. Methods of measuring or counting are changed. Definitions are changed. ""Punctual"" is revised from bein..."
bare-page,content/days/day-05/02-points-7-to-14.qmd,251,page 111,5,111,,,N,external-work-candidate,external-book candidate: book-title/author match nearby,"Resources are channelled into reaching that number, irrespective of the harm caused elsewhere. Methods of measuring or counting are changed. Definitions are changed. ""Punctual"" is revised from bein..."
bare-page,content/days/day-05/03-the-deadly-diseases.qmd,78,page 84,5,84,,,N,external-work-candidate,external-book candidate: bracketed alternate-edition page,"With even greater focus than the words I have quoted above, on *Out of the Crisis* page 84[99] Dr Deming expresses this Deadly Disease as ""Emphasis on short-term profits"". Short-term profits (like ..."
bare-page,content/days/day-05/03-the-deadly-diseases.qmd,78,page 85,5,85,,,N,external-work-candidate,external-book candidate: bracketed alternate-edition page,"With even greater focus than the words I have quoted above, on *Out of the Crisis* page 84[99] Dr Deming expresses this Deadly Disease as ""Emphasis on short-term profits"". Short-term profits (like ..."
bare-page,content/days/day-05/03-the-deadly-diseases.qmd,131,pages 50–51,5,50,51,,N,external-work-candidate,external-book candidate (also spans pages 50-51): book-title/author match nearby,"As you can see from *DemDim* pages 50–51, Dr Deming's opinion of performance appraisal was unambiguously damning. But the term ""performance appraisal"" means different things to different people. So..."
bare-page,content/days/day-05/03-the-deadly-diseases.qmd,190,page 103,5,103,,,N,external-work-candidate,external-book candidate: bracketed alternate-edition page,Moving around the organisation in order to acquire that broader understanding is clearly good. So what is the fourth Deadly Disease? What Dr Deming is warning us against here is the culture of flit...
bare-page,content/days/day-05/03-the-deadly-diseases.qmd,243,pages 103–105,5,103,105,,N,external-work-candidate,external-book candidate (also spans pages 103-105): bracketed alternate-edition page,"This fifth Deadly Disease can come as a shock even to those who are warming to Deming's teachings—especially if they are statisticians or accountants! So what are these ""most important"" but invisib..."
bare-page,content/days/day-05/03-the-deadly-diseases.qmd,247,pages 104–105,5,104,105,,N,external-work-candidate,external-book candidate (also spans pages 104-105): book-title/author match nearby,"In conclusion, and back to the main issue (from *Out of the Crisis* pages 104–105 [page 123]):"
bare-page,content/days/day-05/03-the-deadly-diseases.qmd,247,page 123,5,123,,,N,external-work-candidate,external-book candidate: book-title/author match nearby,"In conclusion, and back to the main issue (from *Out of the Crisis* pages 104–105 [page 123]):"
bare-page,content/days/day-06/02-gallery-furniture.qmd,30,page 64,6,64,,,N,external-work-candidate,external-book candidate: bracketed alternate-edition page,"After you have read Mack's account, I shall ask you to carry out a similar exercise with what you then know about Gallery as you have just done in connection with your own organisation in Activity ..."
bare-page,content/days/day-06/04-more-true-stories.qmd,21,pages 62,6,62,,,N,external-work-candidate,external-book candidate: book-title/author match nearby,(from *Out of the Crisis* pages 62--63[72--73])
bare-page,content/days/day-07/01-introduction.qmd,31,page 107,7,107,,,N,external-work-candidate,external-book candidate: bracketed alternate-edition page,"""The supposition that it is only necessary to meet specifications"" is the 13th in an even longer ""list"" from Dr Deming than the 14 Points: one of ""a whole parade of obstacles"", as he expresses it o..."
bare-page,content/days/day-07/01-introduction.qmd,31,pages 52–55,7,52,55,,N,external-work-candidate,external-book candidate (also spans pages 52-55): book-title/author match nearby,"""The supposition that it is only necessary to meet specifications"" is the 13th in an even longer ""list"" from Dr Deming than the 14 Points: one of ""a whole parade of obstacles"", as he expresses it o..."
bare-page,content/days/day-07/04-many-more-true-stories.qmd,67,page 15,7,15,,,N,anchor-needed,,*[A brief extract from page 15 of the Optional Extras section may be useful here. It states that:*
bare-page,content/days/day-07/04-many-more-true-stories.qmd,76,page 113,7,113,,,N,external-work-candidate,external-book candidate: book-title/author match nearby,"**1.** The railway industry in Britain has well-known targets for punctuality, typically defined as no more than ten minutes late (see ""British Rail Redefines Punctuality"", *DemDim* page 113). What..."
bare-page,content/days/day-07/04-many-more-true-stories.qmd,106,page 353,7,353,,,N,anchor-needed,,"*[That reminded me of an observation in Peter Scholtes's* The Leader's Handbook *(page 353): ""The carrot and stick approach was developed for use with jackasses, and its legitimate use is limited t..."
bare-page,content/days/day-07/05-thirteenth-obstacle.qmd,115,page 173,7,173,,,N,external-work-candidate,external-book candidate: book-title/author match nearby,Just about everybody gets a graph which looks something like Figure 34 on *DemDim* page 173:
bare-page,content/days/day-07/06-taguchi-reflections.qmd,65,page 182,7,182,,,N,external-work-candidate,external-book candidate: book-title/author match nearby,"Obviously there is zero loss at the optimum value. But now, supposedly, *everything* inside the specifications is ""acceptable"", ""OK"", whether it's at or near the optimum or not. Everything here is ..."
bare-page,content/days/day-07/06-taguchi-reflections.qmd,70,page 182,7,182,,,N,external-work-candidate,external-book candidate: book-title/author match nearby,"What does the difference between the shape of that loss function on *DemDim* page 182 and that of the Taguchi loss function imply? As *DemDim* Chapter 12 demonstrates, a very great deal! Two of the..."
bare-page,content/days/day-07/06-taguchi-reflections.qmd,82,page 182,7,182,,,N,external-work-candidate,external-book candidate: book-title/author match nearby,"&nbsp;&nbsp;&nbsp;&nbsp; *""Conformance to specifications"" loss function* (illustrated on *DemDim* page 182):"
bare-page,content/days/day-07/06-taguchi-reflections.qmd,122,page 191,7,191,,,N,external-work-candidate,external-book candidate: book-title/author match nearby,"A company was having trouble with a cutting operation for metal rods, etc—or, rather, its customers were having trouble! The cutting process had been designed to ensure 100% conformance to specific..."
bare-page,content/days/day-07/06-taguchi-reflections.qmd,126,page 190,7,190,,,N,external-work-candidate,external-book candidate: book-title/author match nearby,"I'll leave you to read the details if you want. In brief, the design of the cutting operation had been based on the undeniable logic that, if something is cut too short, it's scrap; whereas if it's..."
bare-page,content/days/day-07/06-taguchi-reflections.qmd,130,page 177,7,177,,,N,external-work-candidate,external-book candidate: book-title/author match nearby,"To complete the story, I'll refer you to the first complete paragraph on *DemDim* page 177. The obviously-better strategy involved no second cuts (no rework) and a reduction in average Taguchi loss..."
bare-page,content/days/day-07/07-major-activity.qmd,18,pages 52–55,7,52,55,,N,external-work-candidate,external-book candidate (also spans pages 52-55): book-title/author match nearby,"Since my coverage of most of these Obstacles in *DemDim* is very brief, I'll expand a little more on them in the following pages. In each case, read both my sentence or two in *DemDim* (pages 52–55..."
bare-page,content/days/day-07/07-major-activity.qmd,21,page 10,7,10,,,N,external-work-candidate,external-book candidate: book-title/author match nearby,"NB As indicated at the bottom of *DemDim* page 10, I think there can be no doubt that, like me, Dr Deming regretted the weakness of the English language in lacking single words for ""he or she"", ""hi..."
bare-page,content/days/day-07/07-major-activity.qmd,34,pages 107–108,7,107,108,,N,external-work-candidate,external-book candidate (also spans pages 107-108): bracketed alternate-edition page,"**1. [Hope for instant pudding.]{.blue-text}** (*Out of the Crisis* pages 107–108[126–127]; [Appendix page 32](../../appendix/06-day-7.qmd#sec-page32).) The ever-lasting search for the ""quick fix""!..."
bare-page,content/days/day-07/07-major-activity.qmd,45,page 108,7,108,,,N,external-work-candidate,external-book candidate: book-title/author match nearby,"**2. [The supposition that solving problems, automation, gadgets, and new machinery will transform industry.]{.blue-text}** (*Out of the Crisis* page 108 [pages 127–128]; [Appendix page 32](../../a..."
bare-page,content/days/day-07/07-major-activity.qmd,45,pages 127–128,7,127,128,,N,external-work-candidate,external-book candidate (also spans pages 127-128): book-title/author match nearby,"**2. [The supposition that solving problems, automation, gadgets, and new machinery will transform industry.]{.blue-text}** (*Out of the Crisis* page 108 [pages 127–128]; [Appendix page 32](../../a..."
bare-page,content/days/day-07/07-major-activity.qmd,56,pages 109–110,7,109,110,,N,external-work-candidate,external-book candidate (also spans pages 109-110): bracketed alternate-edition page,"**3. [Search for examples.]{.blue-text}** (*Out of the Crisis* pages 109–110[128–129]; [Appendix pages 32–33](../../appendix/06-day-7.qmd#sec-page32).) A large topic, the subject of *DemDim* Chapte..."
bare-page,content/days/day-07/07-major-activity.qmd,56,pages 275–276,7,275,276,,N,external-work-candidate,external-book candidate (also spans pages 275-276): book-title/author match nearby,"**3. [Search for examples.]{.blue-text}** (*Out of the Crisis* pages 109–110[128–129]; [Appendix pages 32–33](../../appendix/06-day-7.qmd#sec-page32).) A large topic, the subject of *DemDim* Chapte..."
bare-page,content/days/day-07/07-major-activity.qmd,65,page 110,7,110,,,N,external-work-candidate,external-book candidate: bracketed alternate-edition page,"**4. [""Our problems are different.""]{.blue-text}** (*Out of the Crisis* page 110[130]; [Appendix page 33](../../appendix/06-day-7.qmd#sec-page33).) This is one of the most common excuses by manager..."
bare-page,content/days/day-07/07-major-activity.qmd,76,pages 110–111,7,110,111,,N,external-work-candidate,external-book candidate (also spans pages 110-111): bracketed alternate-edition page,**5. [Obsolescence in Schools [i.e. Schools of Business].]{.blue-text}** (*Out of the Crisis* pages 110–111[130–131]; [Appendix page 33](../../appendix/06-day-7.qmd#sec-page33).) On *Out of the Cri...
bare-page,content/days/day-07/07-major-activity.qmd,76,page 110,7,110,,,N,external-work-candidate,external-book candidate: bracketed alternate-edition page,**5. [Obsolescence in Schools [i.e. Schools of Business].]{.blue-text}** (*Out of the Crisis* pages 110–111[130–131]; [Appendix page 33](../../appendix/06-day-7.qmd#sec-page33).) On *Out of the Cri...
bare-page,content/days/day-07/07-major-activity.qmd,87,pages 111–113,7,111,113,,N,external-work-candidate,external-book candidate (also spans pages 111-113): bracketed alternate-edition page,**6. [Poor teaching of statistical methods in industry.]{.blue-text}** (*Out of the Crisis* pages 111–113[131–133]; [Appendix pages 33–34](../../appendix/06-day-7.qmd#sec-page33).) A basic problem ...
bare-page,content/days/day-07/07-major-activity.qmd,98,page 113,7,113,,,N,external-work-candidate,external-book candidate: bracketed alternate-edition page,**7. [Use of [Military Standard 105D and other] tables for acceptance.]{.blue-text}** (*Out of the Crisis* page 113[133]; [Appendix page 34](../../appendix/06-day-7.qmd#sec-page34).) This alludes t...
bare-page,content/days/day-07/07-major-activity.qmd,107,pages 113–114,7,113,114,,N,external-work-candidate,external-book candidate (also spans pages 113-114): bracketed alternate-edition page,"**8. [""Our Quality Control Department takes care of all our problems of quality.""]{.blue-text}** (*Out of the Crisis* pages 113–114[133–134]; [Appendix page 34](../../appendix/06-day-7.qmd#sec-page..."
bare-page,content/days/day-07/07-major-activity.qmd,118,pages 114–115,7,114,115,,N,external-work-candidate,external-book candidate (also spans pages 114-115): bracketed alternate-edition page,"**9. [""Our troubles lie entirely in the workforce.""]{.blue-text}** (*Out of the Crisis* pages 114–115[134–135]; [Appendix pages 34–35](../../appendix/06-day-7.qmd#sec-page34).) Same comment as with..."
bare-page,content/days/day-07/07-major-activity.qmd,127,pages 115–117,7,115,117,,N,external-work-candidate,external-book candidate (also spans pages 115-117): bracketed alternate-edition page,**10. [False starts.]{.blue-text}** (*Out of the Crisis* pages 115–117[135–138]; [Appendix page 35](../../appendix/06-day-7.qmd#sec-page35).) Just think back over the years in your organisation. Ho...
bare-page,content/days/day-07/07-major-activity.qmd,138,page 117,7,117,,,N,external-work-candidate,external-book candidate: book-title/author match nearby,"**11. [""We installed quality control.""]{.blue-text}** (*Out of the Crisis* page 117 [pages 138–139]; [Appendix page 35](../../appendix/06-day-7.qmd#sec-page35).) As with Obstacle 2, quality cannot ..."
bare-page,content/days/day-07/07-major-activity.qmd,138,pages 138–139,7,138,139,,N,external-work-candidate,external-book candidate (also spans pages 138-139): book-title/author match nearby,"**11. [""We installed quality control.""]{.blue-text}** (*Out of the Crisis* page 117 [pages 138–139]; [Appendix page 35](../../appendix/06-day-7.qmd#sec-page35).) As with Obstacle 2, quality cannot ..."
bare-page,content/days/day-07/07-major-activity.qmd,147,page 118,7,118,,,N,external-work-candidate,external-book candidate: bracketed alternate-edition page,**12. [The unmanned computer.]{.blue-text}** (*Out of the Crisis* page 118[139]; [Appendix page 35](../../appendix/06-day-7.qmd#sec-page35).) With the great changes in computer technology since the...
bare-page,content/days/day-07/07-major-activity.qmd,158,pages 118–119,7,118,119,,N,external-work-candidate,external-book candidate (also spans pages 118-119): bracketed alternate-edition page,**13. [The supposition that it is only necessary to meet specifications.]{.blue-text}** (*Out of the Crisis* pages 118–119[139–141]; [Appendix page 36](../../appendix/06-day-7.qmd#sec-page36).) Aft...
bare-page,content/days/day-07/07-major-activity.qmd,167,pages 119–120,7,119,120,,N,external-work-candidate,external-book candidate (also spans pages 119-120): bracketed alternate-edition page,"**14. [The fallacy of zero defects.]{.blue-text}** (*Out of the Crisis* pages 119–120[141–142]; [Appendix page 36](../../appendix/06-day-7.qmd#sec-page36).) With ""defect"" = ""outside specifications""..."
bare-page,content/days/day-07/07-major-activity.qmd,178,pages 120–121,7,120,121,,N,external-work-candidate,external-book candidate (also spans pages 120-121): bracketed alternate-edition page,**15. [Inadequate testing of prototypes.]{.blue-text}** (*Out of the Crisis* pages 120–121[142–143]; [Appendix pages 36–37](../../appendix/06-day-7.qmd#sec-page36).) Prototypes are usually tested i...
bare-page,content/days/day-07/07-major-activity.qmd,187,page 121,7,121,,,N,external-work-candidate,external-book candidate: bracketed alternate-edition page,"**16. [""Anyone that comes to try to help us must understand all about our business.""]{.blue-text}** (*Out of the Crisis* page 121[143]; [Appendix page 37](../../appendix/06-day-7.qmd#sec-page37).) ..."
bare-page,content/days/day-07/07-major-activity.qmd,187,page 39,7,39,,,N,external-work-candidate,external-book candidate: bracketed alternate-edition page,"**16. [""Anyone that comes to try to help us must understand all about our business.""]{.blue-text}** (*Out of the Crisis* page 121[143]; [Appendix page 37](../../appendix/06-day-7.qmd#sec-page37).) ..."
bare-page,content/days/day-08/01-introduction.qmd,45,pages 195–196,8,195,196,,N,external-work-candidate,external-book candidate (also spans pages 195-196): book-title/author match nearby,- **read the introduction to Part 3 of *DemDim* (pages 195–196).**
bare-page,content/days/day-08/01-introduction.qmd,51,page 232,8,232,,,N,external-work-candidate,external-book candidate: book-title/author match nearby,"The fourth part is today's Major Activity, and this very much follows the lines of the ""Example: Huge financial advantages of cooperation"" which occupies the final pages of *DemDim* Chapter 15, beg..."
bare-page,content/days/day-08/01-introduction.qmd,55,page 232,8,232,,,N,external-work-candidate,external-book candidate: book-title/author match nearby,"*DemDim* Chapters 13 and 14 are quite short—only six and ten pages respectively. Chapter 15 is quite a lot longer, and so I have allocated extra time for the reading there. Further, it makes sense ..."
bare-page,content/days/day-08/01-introduction.qmd,59,page 104,8,104,,,N,external-work-candidate,external-book candidate: bracketed alternate-edition page,"1. The ""Huge financial advantages"" in the title of the *DemDim* illustration most certainly include some of Lloyd Nelson's ""unknowable"" or ""invisible"" figures. *On Out of the Crisis* page 104[121] ..."
bare-page,content/days/day-08/02-joy-in-work.qmd,9,pages 197–202,8,197,202,,N,external-work-candidate,external-book candidate (also spans pages 197-202): book-title/author match nearby,"So now please **read *DemDim* Chapter 13 (pages 197–202): ""Joy in Work""**."
bare-page,content/days/day-08/03-innovation.qmd,9,pages 203–212,8,203,212,,N,external-work-candidate,external-book candidate (also spans pages 203-212): book-title/author match nearby,"Next please **read *DemDim* Chapter 14 (pages 203–212): ""Innovation—not just Improvement""**."
bare-page,content/days/day-08/04-cooperation.qmd,9,pages 213–231,8,213,231,,N,external-work-candidate,external-book candidate (also spans pages 213-231): book-title/author match nearby,"Now please **read pages 213–231 of *DemDim* Chapter 15: ""Cooperation: Win-Win—Backbone of the New Philosophy""**. As mentioned earlier, the final pages of this chapter particularly relate to today's..."
bare-page,content/days/day-08/05-introduction-to-the-major-activity.qmd,11,pages 57–60,8,57,60,,N,external-work-candidate,external-book candidate (also spans pages 57-60): bracketed alternate-edition page,"Instead however, as described earlier, the Major Activity here is based on the idea of the exercise which occupies the final nine pages of *DemDim* Chapter 15. This exercise has rather a good pedig..."
bare-page,content/days/day-08/05-introduction-to-the-major-activity.qmd,15,page 232,8,232,,,N,external-work-candidate,external-book candidate: book-title/author match nearby,"Before you spot them, I will confess to a couple of silly errors. Near the bottom of *DemDim* page 232 I should have stated the year 1988 rather than 1987, and ""education"" would have been more appr..."
bare-page,content/days/day-08/05-introduction-to-the-major-activity.qmd,15,page 239,8,239,,,N,external-work-candidate,external-book candidate: book-title/author match nearby,"Before you spot them, I will confess to a couple of silly errors. Near the bottom of *DemDim* page 232 I should have stated the year 1988 rather than 1987, and ""education"" would have been more appr..."
bare-page,content/days/day-08/05-introduction-to-the-major-activity.qmd,21,pages 232–240,8,232,240,,N,external-work-candidate,external-book candidate (also spans pages 232-240): book-title/author match nearby,"As an introduction to the Activity, please now **read the final section of *DemDim* Chapter 15 (pages 232–240)**. Read it reasonably carefully in order to get the general idea. But you do not need ..."
bare-page,content/days/day-08/05-introduction-to-the-major-activity.qmd,39,pages 57–58,8,57,58,,N,external-work-candidate,external-book candidate (also spans pages 57-58): bracketed alternate-edition page,The very first paragraph in the final section of *DemDim* Chapter 15 that I asked you to read just before the lunch-break is so important that Dr Deming reproduced it virtually word-for-word when i...
bare-page,content/days/day-08/05-introduction-to-the-major-activity.qmd,45,page 238,8,238,,,N,external-work-candidate,external-book candidate: book-title/author match nearby,Let's recall the main points of what you will have seen in that section from *DemDim*: a story essentially told by the succession of tables in Figures 43–48. In the way that the tables are laid out...
bare-page,content/days/day-08/05-introduction-to-the-major-activity.qmd,94,page 232,8,232,,,N,external-work-candidate,external-book candidate: book-title/author match nearby,The left-hand column in these tables is relatively wide in order to leave room for you to describe the options that you choose during the Major Activity. Here the options are simply denoted by *a1*...
bare-page,content/days/day-08/05-introduction-to-the-major-activity.qmd,94,page 58,8,58,,,N,external-work-candidate,external-book candidate: bracketed alternate-edition page,The left-hand column in these tables is relatively wide in order to leave room for you to describe the options that you choose during the Major Activity. Here the options are simply denoted by *a1*...
bare-page,content/days/day-08/05-introduction-to-the-major-activity.qmd,99,pages 235–236,8,235,236,,N,external-work-candidate,external-book candidate (also spans pages 235-236): book-title/author match nearby,Table Two below reflects the beginning of the second phase in which the effects of the options on *all three areas* are now brought into consideration. (On *DemDim* pages 235–236 this change to Tab...
bare-page,content/days/day-08/05-introduction-to-the-major-activity.qmd,124,page 238,8,238,,,N,external-work-candidate,external-book candidate: book-title/author match nearby,"In Table Four we see that there were altogether seven such new options under consideration; all of these therefore had a − in the area which was able to adopt it. In *five* of these cases, both of ..."
bare-page,content/days/day-08/06-major-activity.qmd,171,page 232,8,232,,,N,external-work-candidate,external-book candidate: book-title/author match nearby,"In case it is not already obvious, take a little time to think about that phrase ""Huge Financial Advantages"" in the title of this exercise on *DemDim* page 232. I'll give you a couple of pointers. ..."
bare-page,content/days/day-09/02-a-system.qmd,23,page 3,9,3,,content/days/day-09/02-a-system.qmd,Y,external-work-candidate,external-book candidate: bracketed alternate-edition page,"Why did it finish up there there? Simply because at the time of writing *DemDim* (1989–90), although realising the topic was important, I had not realised how *overwhelmingly* important it is. I sh..."
bare-page,content/days/day-09/02-a-system.qmd,44,page 41,9,41,,,N,external-work-candidate,external-book candidate: bracketed alternate-edition page,"Yes, he did. If you read *The New Economics* page 41[57] then you'll be left in no doubt. There you will find a section headed with the question: [""What ignited Japan?""]{.deming_quote}. The section..."
bare-page,content/days/day-09/02-a-system.qmd,52,page 3,9,3,,content/days/day-09/02-a-system.qmd,Y,external-work-candidate,external-book candidate: bracketed alternate-edition page,"That extract is versed in the context of production. Indeed, Dr Deming's own title for the flow diagram on *Out of the Crisis* page 3[4] was [""Production Viewed as a System""]{.deming_quote}. I pref..."
bare-page,content/days/day-09/02-a-system.qmd,60,page 45,9,45,,,N,external-work-candidate,external-book candidate: book-title/author match nearby,"And who could doubt that that was true of his thoughts on ""Production (or The Organisation) Viewed as a System"" after seeing the diagram alongside? This is reproduced from page 45 of Shewhart's 193..."
bare-page,content/days/day-09/02-a-system.qmd,137,page 44,9,44,,,N,anchor-needed,,"But I'd like to quote a couple of extracts from his discussion on the ""Old"" and the ""New"" Ways whose message soon becomes crystal-clear. On page 44 of his 1939 book he expresses these thoughts in t..."
bare-page,content/days/day-09/02-a-system.qmd,157,pages 154–155,9,154,155,,N,external-work-candidate,external-book candidate (also spans pages 154-155): bracketed alternate-edition page,"After referencing Shewhart's work just described, on *Out of the Crisis* pages 154–155[180–181] Dr Deming then goes on in his Figure 9 to reproduce the same concepts with some different words: simp..."
bare-page,content/days/day-09/02-a-system.qmd,174,page 45,9,45,,,N,external-work-candidate,external-book candidate: book-title/author match nearby,"What better and simpler way could there be of depicting the cumulative and multiplying effects of genuine improvements and the resulting increases in knowledge, understanding and ability? And even ..."
bare-page,content/days/day-09/02-a-system.qmd,178,page 154,9,154,,,N,external-work-candidate,external-book candidate: bracketed alternate-edition page,"For further emphasis, Deming then reiterates the point just made (*Out of the Crisis* page 154[181]):"
bare-page,content/days/day-09/02-a-system.qmd,182,page 33,9,33,,,N,external-work-candidate,external-book candidate: book-title/author match nearby,"And where do we find ourselves? Surely we are back yet again at the Deming Chain Reaction (*DemDim* page 33). Further, that development of the ""helix"" leads directly to what Deming (unlike others) ..."
bare-page,content/days/day-09/03-activity-9c-and-organisation-charts.qmd,36,page 133,9,133,,,N,external-work-candidate,external-book candidate: book-title/author match nearby,"An organisation chart! How the organisation *should* be organised! As opposed to what? Well, I think you may agree that there is some rather neat implicit teaching in Dr Deming's innocent (?) use o..."
bare-page,content/days/day-09/03-activity-9c-and-organisation-charts.qmd,38,page 3,9,3,,content/days/day-09/02-a-system.qmd,Y,external-work-candidate,external-book candidate: book-title/author match nearby,"So what? One way of answering that question is to relate something further that I learned from Peter Scholtes; and (not by coincidence, I suggest) this is ""up-front"" in his excellent book: *The Lea..."
bare-page,content/days/day-09/03-activity-9c-and-organisation-charts.qmd,80,page 124,9,124,,,N,external-work-candidate,external-book candidate: book-title/author match nearby,"Having established a ""macro"" flow diagram for the organisation (or whatever system is being studied), it may then be useful to develop other diagrams and charts which have a little more detail both..."
bare-page,content/days/day-09/03-activity-9c-and-organisation-charts.qmd,80,page 10,9,10,,,N,external-work-candidate,external-book candidate: book-title/author match nearby,"Having established a ""macro"" flow diagram for the organisation (or whatever system is being studied), it may then be useful to develop other diagrams and charts which have a little more detail both..."
bare-page,content/days/day-09/04-major-activity.qmd,18,pages 3–20,9,3,20,content/days/day-09/02-a-system.qmd,Y,external-work-candidate,external-book candidate (also spans pages 3-20): book-title/author match nearby,"By ""this paper"" Deming was referring to the May 1990 version of the System of Profound Knowledge whose full text is reproduced between the final pages of today's material and the end of Day 11. Tha..."
bare-page,content/days/day-09/04-major-activity.qmd,18,page 31,9,31,,,N,external-work-candidate,external-book candidate: book-title/author match nearby,"By ""this paper"" Deming was referring to the May 1990 version of the System of Profound Knowledge whose full text is reproduced between the final pages of today's material and the end of Day 11. Tha..."
bare-page,content/days/day-09/04-major-activity.qmd,22,page 133,9,133,,,N,external-work-candidate,external-book candidate: book-title/author match nearby,"**Stage 1.** Therefore first spend a little time beginning to try to construct a system of medical care in the space below, of similar layout to Dr Deming's famous flow diagram and repeatedly refer..."
bare-page,content/days/day-09/05-of-profound-knowledge.qmd,14,page 64,9,64,,,N,external-work-candidate,external-book candidate: bracketed alternate-edition page,"On [Day 1 page 39](../day-01/11-deming-story.qmd#sec-page39) I described Deming's System of Profound Knowledge as ""his attempt, sometimes with the wisdom of hindsight, to summarise the core, the gu..."
bare-page,content/days/day-09/05-of-profound-knowledge.qmd,18,page 36,9,36,,,N,external-work-candidate,external-book candidate: bracketed alternate-edition page,"Apart from a similar statement in the Preface and a brief reference to Point 1 on page 36 [51], this is in fact his only mention of the 14 Points *in the whole book*! So Dr Deming was clearly now l..."
bare-page,content/days/day-09/05-of-profound-knowledge.qmd,36,page 259,9,259,,,N,external-work-candidate,external-book candidate: book-title/author match nearby,It will be helpful at this point for you to **read through a short section in *DemDim*: page 259 to two-thirds down page 261.** This will give you some general background and a brief history of the...
bare-page,content/days/day-09/05-of-profound-knowledge.qmd,36,page 261,9,261,,,N,external-work-candidate,external-book candidate: book-title/author match nearby,It will be helpful at this point for you to **read through a short section in *DemDim*: page 259 to two-thirds down page 261.** This will give you some general background and a brief history of the...
bare-page,content/days/day-09/05-of-profound-knowledge.qmd,38,page 261,9,261,,,N,external-work-candidate,external-book candidate: book-title/author match nearby,You may notice that the titles of the four parts of the System of Profound Knowledge as presented on *DemDim* page 261 are slightly different from those that you have just seen here. That is not un...
bare-page,content/days/day-09/05-of-profound-knowledge.qmd,42,page 260,9,260,,,N,external-work-candidate,external-book candidate: book-title/author match nearby,Such is the nature of the System of Profound Knowledge that it is valuable to have more than one source of reference in order to obtain a better-rounded appreciation of its content. The material th...
bare-page,content/days/day-09/05-of-profound-knowledge.qmd,48,page 260,9,260,,,N,external-work-candidate,external-book candidate: book-title/author match nearby,"Coincidentally, *DemDim* was first published at about the same time as the May 1990 version of the System of Profound Knowledge. However, as you will have just read on *DemDim* page 260, my Chapter..."
bare-page,content/days/day-09/05-of-profound-knowledge.qmd,72,page 278,9,278,,,N,external-work-candidate,external-book candidate: book-title/author match nearby,"There are various possibilities about how to tackle each part of the System of Profound Knowledge respectively over the four half-days. I'll describe some of them to you, to help you decide what is..."
bare-page,content/days/day-09/06-introductions-to-the-system.qmd,31,page 261,9,261,,,N,external-work-candidate,external-book candidate: book-title/author match nearby,"Second, we have the short introduction to the System of Profound Knowledge in *DemDim*. Soon after you start reading it, you will recognise that it is not in my own normal style of writing! No, in ..."
bare-page,content/days/day-09/06-introductions-to-the-system.qmd,31,page 264,9,264,,,N,external-work-candidate,external-book candidate: book-title/author match nearby,"Second, we have the short introduction to the System of Profound Knowledge in *DemDim*. Soon after you start reading it, you will recognise that it is not in my own normal style of writing! No, in ..."
bare-page,content/days/day-09/06-introductions-to-the-system.qmd,85,page 55,9,55,,,N,anchor-needed,,"[*[*These techniques from ""conventional statistics"" are only appropriate for so-called ""enumerative studies"". What ability do such techniques have to predict, to aid improvement? Are they designed ..."
bare-page,content/days/day-09/07-out-of-hours.qmd,22,pages 39–52,9,39,52,,N,external-work-candidate,external-book candidate (also spans pages 39-52): book-title/author match nearby,"First, for your refresher on the 14 Points and Deadly Diseases, you could of course return to the main reading referenced on Day 4, namely *DemDim* pages 39–52. There is also the whole of Part 5 of..."
bare-page,content/days/day-09/07-out-of-hours.qmd,22,pages 17–107,9,17,107,,N,external-work-candidate,external-book candidate (also spans pages 17-107): bracketed alternate-edition page,"First, for your refresher on the 14 Points and Deadly Diseases, you could of course return to the main reading referenced on Day 4, namely *DemDim* pages 39–52. There is also the whole of Part 5 of..."
bare-page,content/days/day-09/07-out-of-hours.qmd,32,pages 264–280,9,264,280,,N,external-work-candidate,external-book candidate (also spans pages 264-280): book-title/author match nearby,"For the second section of your preparation (your general grounding in the System of Profound Knowledge before tackling the detail during the project) I suggest the following. First, it would be a g..."
bare-page,content/days/day-09/07-out-of-hours.qmd,102,pages 264–280,9,264,280,,N,external-work-candidate,external-book candidate (also spans pages 264-280): book-title/author match nearby,"And lastly, read through the *DemDim* coverage of the System of Profound Knowledge: either pages 264–280 of Chapter 18 or the whole chapter for completeness. Again, as you've been working very hard..."
bare-page,content/days/day-10/02-appreciation-for-a-system.qmd,17,pages 264–270,10,264,270,,N,external-work-candidate,external-book candidate (also spans pages 264-270): book-title/author match nearby,> *DemDim*: pages 264–270.
bare-page,content/days/day-10/02-appreciation-for-a-system.qmd,69,page 8,10,8,,,N,external-work-candidate,external-book candidate: book-title/author match nearby,"The aim of the system must be clear to everyone in the system. [*What is the system for? What should it be attempting to do? For, without clarity on such matters, on what could decisions be sensibl..."
bare-page,content/days/day-10/02-appreciation-for-a-system.qmd,69,page 265,10,265,,,N,external-work-candidate,external-book candidate: book-title/author match nearby,"The aim of the system must be clear to everyone in the system. [*What is the system for? What should it be attempting to do? For, without clarity on such matters, on what could decisions be sensibl..."
bare-page,content/days/day-10/02-appreciation-for-a-system.qmd,197,page 354,10,354,,,N,external-work-candidate,external-book candidate: book-title/author match nearby,"It would be poor management to save money on travelling expenses without regard to the physical welfare of the travellers. For example, it would be bad management to save money on a night-rate for ..."
bare-page,content/days/day-10/02-appreciation-for-a-system.qmd,257,pages 264–270,10,264,270,,N,external-work-candidate,external-book candidate (also spans pages 264-270): book-title/author match nearby,"Now read through *DemDim* pages 264–270, revising your earlier comments and adding any new points below."
bare-page,content/days/day-10/02-appreciation-for-a-system.qmd,267,pages 65–67,10,65,67,,N,external-work-candidate,external-book candidate (also spans pages 65-67): bracketed alternate-edition page,"For your later reference (but not now!), the sections of *The New Economics* most relevant to Part A of the System of Profound Knowledge are Chapter 3 and pages 65–67[95–98] in Chapter 4."
bare-page,content/days/day-10/04-theory-of-variation.qmd,17,pages 270–274,10,270,274,,N,external-work-candidate,external-book candidate (also spans pages 270-274): book-title/author match nearby,> *DemDim*: pages 270–274.
bare-page,content/days/day-10/04-theory-of-variation.qmd,184,pages 16,10,16,,content/days/day-10/03-activity-10a.qmd,Y,external-work-candidate,external-book candidate: book-title/author match nearby,"[*In later writing, Dr Deming remarks on the relevance of this comment to the fundamental plank of democracy: the popular vote. See also pages 16--17 in* Deming Speaks to European Executives*, BDA ..."
bare-page,content/days/day-10/04-theory-of-variation.qmd,204,pages 270–274,10,270,274,,N,external-work-candidate,external-book candidate (also spans pages 270-274): book-title/author match nearby,"Now read through *DemDim* pages 270–274, revising your earlier comments and adding new points below."
bare-page,content/days/day-10/04-theory-of-variation.qmd,214,pages 67–69,10,67,69,,N,external-work-candidate,external-book candidate (also spans pages 67-69): bracketed alternate-edition page,"The section of *The New Economics* Chapter 4 relating to Part B is pages 67–69[98–101]. However, there is much more: indeed, all of the book's final four chapters (other than the additional final c..."
bare-page,content/days/day-10/06-out-of-hours-note.qmd,15,pages 274–276,10,274,276,,N,external-work-candidate,external-book candidate (also spans pages 274-276): book-title/author match nearby,"In both cases there are no more than three pages for you in *DemDim* Chapter 18: pages 274–276 and pages 277–279 respectively. In Balaji's Preludes also [pages 15–19, starting ""Understanding Learni..."
bare-page,content/days/day-10/06-out-of-hours-note.qmd,15,pages 277–279,10,277,279,,N,external-work-candidate,external-book candidate (also spans pages 277-279): book-title/author match nearby,"In both cases there are no more than three pages for you in *DemDim* Chapter 18: pages 274–276 and pages 277–279 respectively. In Balaji's Preludes also [pages 15–19, starting ""Understanding Learni..."
bare-page,content/days/day-10/06-out-of-hours-note.qmd,17,pages 274–276,10,274,276,,N,external-work-candidate,external-book candidate (also spans pages 274-276): book-title/author match nearby,"So firstly, carefully read through Balaji's Prelude C and then *DemDim* pages 274–276, making notes on where you see the links between them. Prelude C very helpfully and straightforwardly concentra..."
bare-page,content/days/day-10/06-out-of-hours-note.qmd,19,pages 277–279,10,277,279,,N,external-work-candidate,external-book candidate (also spans pages 277-279): book-title/author match nearby,"But don't forget to prepare for Part D as well! So, following the previous pattern, first remind yourself of what's in Prelude D. Then read through *DemDim* pages 277–279, making notes of the links..."
bare-page,content/days/day-11/02-theory-of-knowledge-prediction.qmd,35,pages 15,11,15,,,N,anchor-needed,,"> Prelude C: ""Preludes"" pages 15--19. Prelude C is mostly related to Area 2, but there are also a couple of matters directly related to this first area."
bare-page,content/days/day-11/02-theory-of-knowledge-prediction.qmd,37,page 274,11,274,,,N,external-work-candidate,external-book candidate: book-title/author match nearby,"> *DemDim*: page 274, paragraph 1 to page 275, paragraph 4."
bare-page,content/days/day-11/02-theory-of-knowledge-prediction.qmd,37,page 275,11,275,,,N,external-work-candidate,external-book candidate: book-title/author match nearby,"> *DemDim*: page 274, paragraph 1 to page 275, paragraph 4."
bare-page,content/days/day-11/02-theory-of-knowledge-prediction.qmd,54,page 264,11,264,,,N,external-work-candidate,external-book candidate: book-title/author match nearby,Part C starts out more straightforwardly than did Parts A and B. Any plan is surely resting on thin ice if it <em>isn't</em> founded on wise predictions! And this is clearly very pertinent to manag...
bare-page,content/days/day-11/02-theory-of-knowledge-prediction.qmd,79,page 69,11,69,,,N,external-work-candidate,external-book candidate: bracketed alternate-edition page,"Dr Deming was instead presumably referring to the kind of explanation that <em>does</em> require some knowledge! By the time of <em>The New Economics</em> (page 69[102]), he had avoided the problem..."
bare-page,content/days/day-11/02-theory-of-knowledge-prediction.qmd,83,page 15,11,15,,,N,anchor-needed,,which is closer to the version you have already seen on Prelude C page 15.
bare-page,content/days/day-11/02-theory-of-knowledge-prediction.qmd,85,page 72,11,72,,,N,external-work-candidate,external-book candidate: bracketed alternate-edition page,"An important emphasis in the Theory of Knowledge part of <em>The New Economics</em> Chapter 4 (page 72 [106]) is that ""information is not knowledge"". Indeed, a considerable part of Theory of Knowle..."
bare-page,content/days/day-11/02-theory-of-knowledge-prediction.qmd,118,page 263,11,263,,,N,anchor-needed,,"If you are a statistician, you might prefer to remain unaware of the following paragraph! It is an extract from Chapter 7: ""Management is Prediction"" on page 263 of <em>The Essential Deming</em>. H..."
bare-page,content/days/day-11/02-theory-of-knowledge-prediction.qmd,132,page 274,11,274,,,N,external-work-candidate,external-book candidate: book-title/author match nearby,"Now briefly read through *DemDim* page 274, paragraph 1 to page 275, paragraph 4 again, revising your earlier comments if necessary and adding any further notes below."
bare-page,content/days/day-11/02-theory-of-knowledge-prediction.qmd,132,page 275,11,275,,,N,external-work-candidate,external-book candidate: book-title/author match nearby,"Now briefly read through *DemDim* page 274, paragraph 1 to page 275, paragraph 4 again, revising your earlier comments if necessary and adding any further notes below."
bare-page,content/days/day-11/03-theory-of-knowledge-theory-and-learning.qmd,15,pages 15,11,15,,,N,anchor-needed,,"> Prelude C: ""Preludes"" pages 15--19. You've already read this earlier. But since Prelude C is mostly related to this second area, you might like to skim through it one more time before proceeding."
bare-page,content/days/day-11/03-theory-of-knowledge-theory-and-learning.qmd,17,page 275,11,275,,,N,external-work-candidate,external-book candidate: book-title/author match nearby,"> *DemDim*: page 275, paragraphs 5--7 (ending on page 276). Note that paragraph 5 neatly provides a strong link between the first two of our three areas."
bare-page,content/days/day-11/03-theory-of-knowledge-theory-and-learning.qmd,17,page 276,11,276,,,N,external-work-candidate,external-book candidate: book-title/author match nearby,"> *DemDim*: page 275, paragraphs 5--7 (ending on page 276). Note that paragraph 5 neatly provides a strong link between the first two of our three areas."
bare-page,content/days/day-11/03-theory-of-knowledge-theory-and-learning.qmd,27,page 140,11,140,,,N,external-work-candidate,external-book candidate: book-title/author match nearby,"Recall those beautifully simple diagrams that we saw early on Day 9: Walter Shewhart's distinction between the ""Old Way"" and the ""New Way"". They are redrawn near the beginning of *DemDim* Chapter 9..."
bare-page,content/days/day-11/03-theory-of-knowledge-theory-and-learning.qmd,29,page 143,11,143,,,N,external-work-candidate,external-book candidate: book-title/author match nearby,"On Day 9 we recognised both the ""Organisation Viewed as a System"" diagram and the Deming Chain Reaction as applications or extensions of that ""New Way"" thinking. Just as immediately, here we can su..."
bare-page,content/days/day-11/03-theory-of-knowledge-theory-and-learning.qmd,31,page 141,11,141,,,N,external-work-candidate,external-book candidate: book-title/author match nearby,"Also take a look at the late Professor George Box's diagram of the ""Scientific Improvement Process"" (*DemDim* page 141). This is an excellent alternative representation of the same kind of thinking..."
bare-page,content/days/day-11/03-theory-of-knowledge-theory-and-learning.qmd,31,page 247,11,247,,,N,external-work-candidate,external-book candidate: book-title/author match nearby,"Also take a look at the late Professor George Box's diagram of the ""Scientific Improvement Process"" (*DemDim* page 141). This is an excellent alternative representation of the same kind of thinking..."
bare-page,content/days/day-11/03-theory-of-knowledge-theory-and-learning.qmd,33,page 143,11,143,,,N,external-work-candidate,external-book candidate: book-title/author match nearby,"I suggest that we have here yet another ""simple and profound"" combination. If you have not come across it before, take a couple of minutes to study carefully Dr Deming's sketch on *DemDim* page 143..."
bare-page,content/days/day-11/03-theory-of-knowledge-theory-and-learning.qmd,33,page 144,11,144,,,N,external-work-candidate,external-book candidate: book-title/author match nearby,"I suggest that we have here yet another ""simple and profound"" combination. If you have not come across it before, take a couple of minutes to study carefully Dr Deming's sketch on *DemDim* page 143..."
bare-page,content/days/day-11/03-theory-of-knowledge-theory-and-learning.qmd,43,page 196,11,196,,,N,external-work-candidate,external-book candidate: book-title/author match nearby,"Finally, now that you have seen the Deming/Shewhart Cycle as well as being familiar with the general concept of Shewhart's circle definition of the ""New Way"", I cannot resist showing you the follow..."
bare-page,content/days/day-11/03-theory-of-knowledge-theory-and-learning.qmd,43,pages 190,11,190,,,N,anchor-needed,,"Finally, now that you have seen the Deming/Shewhart Cycle as well as being familiar with the general concept of Shewhart's circle definition of the ""New Way"", I cannot resist showing you the follow..."
bare-page,content/days/day-11/03-theory-of-knowledge-theory-and-learning.qmd,54,page 139,11,139,,,N,external-work-candidate,external-book candidate: book-title/author match nearby,**Now turn to *DemDim* page 139 and read Chapter 9.** You'll be able to skip through some of these pages very quickly.
bare-page,content/days/day-11/03-theory-of-knowledge-theory-and-learning.qmd,67,page 247,11,247,,,N,external-work-candidate,external-book candidate: book-title/author match nearby,"And don't be put off by that word ""theory"". I'll reproduce here the whole of the quotation from <em>DemDim</em> page 247 to which I referred earlier:"
bare-page,content/days/day-11/03-theory-of-knowledge-theory-and-learning.qmd,117,pages 275,11,275,,,N,external-work-candidate,external-book candidate: book-title/author match nearby,"Now briefly read through *DemDim* pages 275--276, paragraphs 5 to 7 again, as usual revising your earlier comments if necessary and adding any further points below."
bare-page,content/days/day-11/04-theory-of-knowledge-operational-definitions.qmd,15,page 276,11,276,,,N,external-work-candidate,external-book candidate: book-title/author match nearby,"> *DemDim*: page 276, paragraphs 8--10."
bare-page,content/days/day-11/04-theory-of-knowledge-operational-definitions.qmd,23,page 237,11,237,,,N,external-work-candidate,external-book candidate: bracketed alternate-edition page,"So what's the difference between an ordinary definition and an <dfn id=""operational-definition"">*operational* definition</dfn>? Attempting single-word answers, I'd say that it's the difference betw..."
bare-page,content/days/day-11/04-theory-of-knowledge-operational-definitions.qmd,34,page 113,11,113,,,N,external-work-candidate,external-book candidate: book-title/author match nearby,"1. **punctual:** I guess none of us would have much difficulty in defining the word ""punctual"", say in relation to the arrival time of a train at a station. However, recalling what we saw on [Day 7..."
bare-page,content/days/day-11/04-theory-of-knowledge-operational-definitions.qmd,36,page 111,11,111,,,N,external-work-candidate,external-book candidate: book-title/author match nearby,"2. **unemployed:** Similarly, presumably we all know what is meant by ""unemployed""; some readers may be all too familiar with the concept. But look at the bottom paragraph of *DemDim* page 111. App..."
bare-page,content/days/day-11/04-theory-of-knowledge-operational-definitions.qmd,44,page 109,11,109,,,N,external-work-candidate,external-book candidate: book-title/author match nearby,**Now turn to *DemDim* page 109 and read Chapter 7.**
bare-page,content/days/day-11/04-theory-of-knowledge-operational-definitions.qmd,105,page 276,11,276,,,N,external-work-candidate,external-book candidate: book-title/author match nearby,"And so, finally with Area 3, read through paragraphs 8--10 on *DemDim* page 276 again, revising your earlier comments and adding any new points below."
bare-page,content/days/day-11/04-theory-of-knowledge-operational-definitions.qmd,116,pages 274,11,274,,,N,external-work-candidate,external-book candidate: book-title/author match nearby,"As you know, the complete *DemDim* version of Part C is on pages 274--276. So read through those three pages one more time (jotting down any final notes and revisions) to bring together all three a..."
bare-page,content/days/day-11/04-theory-of-knowledge-operational-definitions.qmd,126,page 69,11,69,,,N,external-work-candidate,external-book candidate: book-title/author match nearby,"For your future reference, the section of Chapter 4 in <em>The New Economics</em> which relates to Part C runs from the middle of page 69[bottom of page 101] to page 73[107]."
bare-page,content/days/day-11/04-theory-of-knowledge-operational-definitions.qmd,126,page 101,11,101,,,N,anchor-needed,,"For your future reference, the section of Chapter 4 in <em>The New Economics</em> which relates to Part C runs from the middle of page 69[bottom of page 101] to page 73[107]."
bare-page,content/days/day-11/04-theory-of-knowledge-operational-definitions.qmd,126,page 73,11,73,,,N,external-work-candidate,external-book candidate: bracketed alternate-edition page,"For your future reference, the section of Chapter 4 in <em>The New Economics</em> which relates to Part C runs from the middle of page 69[bottom of page 101] to page 73[107]."
bare-page,content/days/day-11/06-knowledge-of-psychology.qmd,17,pages 20,11,20,,,N,anchor-needed,,"> Prelude D: ""Preludes"" pages 20--25."
bare-page,content/days/day-11/06-knowledge-of-psychology.qmd,19,pages 277,11,277,,,N,external-work-candidate,external-book candidate: book-title/author match nearby,"> *DemDim*: pages 277--279. Although there are only three pages here, they contain quite a lot of fleshing out of the various topics, some of which is from Dr Deming and some is from me. I think th..."
bare-page,content/days/day-11/06-knowledge-of-psychology.qmd,108,page 389,11,389,,,N,external-work-candidate,external-book candidate: book-title/author match nearby,<em>Overjustification</em> is concerned with the devaluing effect of extrinsic reward being given when the intrinsic reward was more than sufficient. It demonstrates to the recipient that the giver...
bare-page,content/days/day-11/06-knowledge-of-psychology.qmd,187,page 279,11,279,,,N,external-work-candidate,external-book candidate: book-title/author match nearby,"""Pay is not a motivator"" is worth long consideration and discussion. Note that on <em>DemDim</em> page 279 this is usefully qualified to ""... pay, <strong>above a certain level</strong>, is not a m..."
bare-page,content/days/day-11/06-knowledge-of-psychology.qmd,189,page 21,11,21,,,N,anchor-needed,,"Regarding these matters, recall also the reference to Norb Keller of General Motors on ""Preludes"" page 21.]"
bare-page,content/days/day-11/06-knowledge-of-psychology.qmd,227,page 279,11,279,,,N,external-work-candidate,external-book candidate: book-title/author match nearby,"[This is addressed with illustrations on the second half of <em>DemDim</em> page 279, at the end of the Psychology section in Chapter 18. Also recall ""Preludes"" page 25 (following the heading ""Are ..."
bare-page,content/days/day-11/06-knowledge-of-psychology.qmd,227,page 25,11,25,,,N,anchor-needed,,"[This is addressed with illustrations on the second half of <em>DemDim</em> page 279, at the end of the Psychology section in Chapter 18. Also recall ""Preludes"" page 25 (following the heading ""Are ..."
bare-page,content/days/day-11/06-knowledge-of-psychology.qmd,249,pages 277,11,277,,,N,external-work-candidate,external-book candidate: book-title/author match nearby,"Now read through *DemDim* pages 277--279 again, revising your earlier comments and adding new thoughts below."
bare-page,content/days/day-11/06-knowledge-of-psychology.qmd,259,pages 73,11,73,,,N,external-work-candidate,external-book candidate: book-title/author match nearby,"For your future reference, the section of <em>The New Economics</em> Chapter 4 relating to Part D is on pages 73--78[107--115]."
bare-page,content/days/day-11/08-coda.qmd,13,page 26,11,26,,,N,external-work-candidate,external-book candidate: book-title/author match nearby,"There is one remaining page from Balaji Reddie: his own Coda on page 26 of ""Four Preludes and a Coda"". I suggest there could be no better way of concluding this project than for you to remind yours..."
bare-page,content/days/day-12/01-overture.qmd,27,pages 45–46,12,45,46,,N,range,"spans pages 45-46, needs editorial judgement on link target",Section 2 contains some excellent material from Peter Scholtes. We will begin by reading a fascinating account of one of his earliest experiences as a teacher and guide on management and quality. T...
bare-page,content/days/day-12/03-wisdom-from-peter-scholtes.qmd,31,page 34,12,34,,content/days/day-12/07-major-activity-12e.qmd,Y,external-work-candidate,external-book candidate: book-title/author match nearby,"As mentioned when we first saw it on Day 1, Peter's diagram of the System of Profound Knowledge immediately depicts the interlinking nature of the four parts of the System. But there were no words ..."
bare-page,content/days/day-12/04-but-what-can-i-do.qmd,95,page 36,12,36,,,N,external-work-candidate,external-book candidate: bracketed alternate-edition page,Quoting Deming from *The New Economics* page 36[50]:
bare-page,content/days/day-12/04-but-what-can-i-do.qmd,101,pages 103,12,103,,,N,external-work-candidate,external-book candidate: book-title/author match nearby,"When you have identified your system and its aim, think hard about, and identify, what can tell you whether or not you are successfully working toward that aim, i.e. your ""system measure(s)"". You m..."
bare-page,content/days/day-12/05-leadership-for-the-transformation.qmd,11,page 335,12,335,,,N,external-work-candidate,external-book candidate: book-title/author match nearby,"Early on Day 5 we looked at the page of ""Attributes of a Leader"" (*DemDim* page 335) which Dr Deming started to use in some four-day seminars around 1989. That page showed the first version he prod..."
bare-page,content/days/day-12/05-leadership-for-the-transformation.qmd,11,pages 99,12,99,,,N,external-work-candidate,external-book candidate: book-title/author match nearby,"Early on Day 5 we looked at the page of ""Attributes of a Leader"" (*DemDim* page 335) which Dr Deming started to use in some four-day seminars around 1989. That page showed the first version he prod..."
bare-page,content/days/day-12/07-major-activity-12e.qmd,33,page 339,12,339,,,N,external-work-candidate,external-book candidate: bracketed alternate-edition page,"If you would like to see a couple of examples of such reports, and have available a copy of *Out of the Crisis*, turn to Chapter 14: ""Two Reports to Management"" beginning on page 339[397]."
