term_en,reason
work together,"generic English collocation, not domain terminology -- recurs by frequency alone, no cross-book consistency needed"
years ago,"generic English collocation, not domain terminology -- recurs by frequency alone, no cross-book consistency needed"
my seminars,"generic English collocation, not domain terminology -- recurs by frequency alone, no cross-book consistency needed"
long ago,"generic English collocation, not domain terminology -- recurs by frequency alone, no cross-book consistency needed"
well known,"generic English collocation, not domain terminology -- recurs by frequency alone, no cross-book consistency needed"
left hand,"generic English collocation, not domain terminology -- recurs by frequency alone, no cross-book consistency needed"
something like,"generic English collocation, not domain terminology -- recurs by frequency alone, no cross-book consistency needed"
pretty much,"generic English collocation, not domain terminology -- recurs by frequency alone, no cross-book consistency needed"
years later,"generic English collocation, not domain terminology -- recurs by frequency alone, no cross-book consistency needed"
either side,"generic English collocation, not domain terminology -- recurs by frequency alone, no cross-book consistency needed"
few words,"generic English collocation, not domain terminology -- recurs by frequency alone, no cross-book consistency needed"
many people,"generic English collocation, not domain terminology -- recurs by frequency alone, no cross-book consistency needed"
right hand,"generic English collocation, not domain terminology -- recurs by frequency alone, no cross-book consistency needed"
make things,"generic English collocation, not domain terminology -- recurs by frequency alone, no cross-book consistency needed"
refer back,"generic English collocation, not domain terminology -- recurs by frequency alone, no cross-book consistency needed"
time comes,"generic English collocation, not domain terminology -- recurs by frequency alone, no cross-book consistency needed"
differences between,"generic English collocation, not domain terminology -- recurs by frequency alone, no cross-book consistency needed"
let's now,"generic English collocation, not domain terminology -- recurs by frequency alone, no cross-book consistency needed"
my guidance,"generic English collocation, not domain terminology -- recurs by frequency alone, no cross-book consistency needed"
shall see,"generic English collocation, not domain terminology -- recurs by frequency alone, no cross-book consistency needed"
told me,"generic English collocation, not domain terminology -- recurs by frequency alone, no cross-book consistency needed"
already seen,"generic English collocation, not domain terminology -- recurs by frequency alone, no cross-book consistency needed"
help us,"generic English collocation, not domain terminology -- recurs by frequency alone, no cross-book consistency needed"
look back,"generic English collocation, not domain terminology -- recurs by frequency alone, no cross-book consistency needed"
things worse,"generic English collocation, not domain terminology -- recurs by frequency alone, no cross-book consistency needed"
better job,"generic English collocation, not domain terminology -- recurs by frequency alone, no cross-book consistency needed"
come across,"generic English collocation, not domain terminology -- recurs by frequency alone, no cross-book consistency needed"
hand side,"generic English collocation, not domain terminology -- recurs by frequency alone, no cross-book consistency needed"
let's see,"generic English collocation, not domain terminology -- recurs by frequency alone, no cross-book consistency needed"
links between,"generic English collocation, not domain terminology -- recurs by frequency alone, no cross-book consistency needed"
long while,"generic English collocation, not domain terminology -- recurs by frequency alone, no cross-book consistency needed"
my friend,"generic English collocation, not domain terminology -- recurs by frequency alone, no cross-book consistency needed"
points outside,"generic English collocation, not domain terminology -- recurs by frequency alone, no cross-book consistency needed"
right now,"generic English collocation, not domain terminology -- recurs by frequency alone, no cross-book consistency needed"
several times,"generic English collocation, not domain terminology -- recurs by frequency alone, no cross-book consistency needed"
simply because,"generic English collocation, not domain terminology -- recurs by frequency alone, no cross-book consistency needed"
soon see,"generic English collocation, not domain terminology -- recurs by frequency alone, no cross-book consistency needed"
too much,"generic English collocation, not domain terminology -- recurs by frequency alone, no cross-book consistency needed"
almost always,"generic English collocation, not domain terminology -- recurs by frequency alone, no cross-book consistency needed"
already familiar,"generic English collocation, not domain terminology -- recurs by frequency alone, no cross-book consistency needed"
before long,"generic English collocation, not domain terminology -- recurs by frequency alone, no cross-book consistency needed"
between people,"generic English collocation, not domain terminology -- recurs by frequency alone, no cross-book consistency needed"
bottom right,"generic English collocation, not domain terminology -- recurs by frequency alone, no cross-book consistency needed"
don't know,"generic English collocation, not domain terminology -- recurs by frequency alone, no cross-book consistency needed"
few years,"generic English collocation, not domain terminology -- recurs by frequency alone, no cross-book consistency needed"
many others,"generic English collocation, not domain terminology -- recurs by frequency alone, no cross-book consistency needed"
per week,"generic English collocation, not domain terminology -- recurs by frequency alone, no cross-book consistency needed"
well worth,"generic English collocation, not domain terminology -- recurs by frequency alone, no cross-book consistency needed"
better way,"generic English collocation, not domain terminology -- recurs by frequency alone, no cross-book consistency needed"
first week,"generic English collocation, not domain terminology -- recurs by frequency alone, no cross-book consistency needed"
my book,"generic English collocation, not domain terminology -- recurs by frequency alone, no cross-book consistency needed"
my experience,"generic English collocation, not domain terminology -- recurs by frequency alone, no cross-book consistency needed"
now know,"generic English collocation, not domain terminology -- recurs by frequency alone, no cross-book consistency needed"
something else,"generic English collocation, not domain terminology -- recurs by frequency alone, no cross-book consistency needed"
such things,"generic English collocation, not domain terminology -- recurs by frequency alone, no cross-book consistency needed"
tell us,"generic English collocation, not domain terminology -- recurs by frequency alone, no cross-book consistency needed"
already know,"generic English collocation, not domain terminology -- recurs by frequency alone, no cross-book consistency needed"
anything else,"generic English collocation, not domain terminology -- recurs by frequency alone, no cross-book consistency needed"
distance between,"generic English collocation, not domain terminology -- recurs by frequency alone, no cross-book consistency needed"
find yourself,"generic English collocation, not domain terminology -- recurs by frequency alone, no cross-book consistency needed"
gives us,"generic English collocation, not domain terminology -- recurs by frequency alone, no cross-book consistency needed"
I'd say,"generic English collocation, not domain terminology -- recurs by frequency alone, no cross-book consistency needed"
Let's consider,"generic English collocation, not domain terminology -- recurs by frequency alone, no cross-book consistency needed"
little later,"generic English collocation, not domain terminology -- recurs by frequency alone, no cross-book consistency needed"
make things worse,"generic English collocation, not domain terminology -- recurs by frequency alone, no cross-book consistency needed"
my mind,"generic English collocation, not domain terminology -- recurs by frequency alone, no cross-book consistency needed"
per hour,"generic English collocation, not domain terminology -- recurs by frequency alone, no cross-book consistency needed"
quick look,"generic English collocation, not domain terminology -- recurs by frequency alone, no cross-book consistency needed"
somewhere between,"generic English collocation, not domain terminology -- recurs by frequency alone, no cross-book consistency needed"
working together,"generic English collocation, not domain terminology -- recurs by frequency alone, no cross-book consistency needed"
already pointed,"generic English collocation, not domain terminology -- recurs by frequency alone, no cross-book consistency needed"
below average,"generic English collocation, not domain terminology -- recurs by frequency alone, no cross-book consistency needed"
first few,"generic English collocation, not domain terminology -- recurs by frequency alone, no cross-book consistency needed"
five years,"generic English collocation, not domain terminology -- recurs by frequency alone, no cross-book consistency needed"
gap between,"generic English collocation, not domain terminology -- recurs by frequency alone, no cross-book consistency needed"
go wrong,"generic English collocation, not domain terminology -- recurs by frequency alone, no cross-book consistency needed"
good sense,"generic English collocation, not domain terminology -- recurs by frequency alone, no cross-book consistency needed"
helps us,"generic English collocation, not domain terminology -- recurs by frequency alone, no cross-book consistency needed"
I'd like,"generic English collocation, not domain terminology -- recurs by frequency alone, no cross-book consistency needed"
let's suppose,"generic English collocation, not domain terminology -- recurs by frequency alone, no cross-book consistency needed"
little while,"generic English collocation, not domain terminology -- recurs by frequency alone, no cross-book consistency needed"
much time,"generic English collocation, not domain terminology -- recurs by frequency alone, no cross-book consistency needed"
must surely,"generic English collocation, not domain terminology -- recurs by frequency alone, no cross-book consistency needed"
shall ask,"generic English collocation, not domain terminology -- recurs by frequency alone, no cross-book consistency needed"
worse still,"generic English collocation, not domain terminology -- recurs by frequency alone, no cross-book consistency needed"
years before,"generic English collocation, not domain terminology -- recurs by frequency alone, no cross-book consistency needed"
after writing,"generic English collocation, not domain terminology -- recurs by frequency alone, no cross-book consistency needed"
already mentioned,"generic English collocation, not domain terminology -- recurs by frequency alone, no cross-book consistency needed"
anything like,"generic English collocation, not domain terminology -- recurs by frequency alone, no cross-book consistency needed"
believe me,"generic English collocation, not domain terminology -- recurs by frequency alone, no cross-book consistency needed"
bottom row,"generic English collocation, not domain terminology -- recurs by frequency alone, no cross-book consistency needed"
doing things,"generic English collocation, not domain terminology -- recurs by frequency alone, no cross-book consistency needed"
don't bother,"generic English collocation, not domain terminology -- recurs by frequency alone, no cross-book consistency needed"
go back,"generic English collocation, not domain terminology -- recurs by frequency alone, no cross-book consistency needed"
good job,"generic English collocation, not domain terminology -- recurs by frequency alone, no cross-book consistency needed"
good reason,"generic English collocation, not domain terminology -- recurs by frequency alone, no cross-book consistency needed"
link between,"generic English collocation, not domain terminology -- recurs by frequency alone, no cross-book consistency needed"
long before,"generic English collocation, not domain terminology -- recurs by frequency alone, no cross-book consistency needed"
long while ago,"generic English collocation, not domain terminology -- recurs by frequency alone, no cross-book consistency needed"
many years,"generic English collocation, not domain terminology -- recurs by frequency alone, no cross-book consistency needed"
my first,"generic English collocation, not domain terminology -- recurs by frequency alone, no cross-book consistency needed"
my organisation,"generic English collocation, not domain terminology -- recurs by frequency alone, no cross-book consistency needed"
now move,"generic English collocation, not domain terminology -- recurs by frequency alone, no cross-book consistency needed"
particularly important,"generic English collocation, not domain terminology -- recurs by frequency alone, no cross-book consistency needed"
pretty well,"generic English collocation, not domain terminology -- recurs by frequency alone, no cross-book consistency needed"
rather different,"generic English collocation, not domain terminology -- recurs by frequency alone, no cross-book consistency needed"
referring back,"generic English collocation, not domain terminology -- recurs by frequency alone, no cross-book consistency needed"
soon after,"generic English collocation, not domain terminology -- recurs by frequency alone, no cross-book consistency needed"
while ago,"generic English collocation, not domain terminology -- recurs by frequency alone, no cross-book consistency needed"
years after,"generic English collocation, not domain terminology -- recurs by frequency alone, no cross-book consistency needed"
you'd like,"generic English collocation, not domain terminology -- recurs by frequency alone, no cross-book consistency needed"
asked him,"generic English collocation, not domain terminology -- recurs by frequency alone, no cross-book consistency needed"
bad practice,"generic English collocation, not domain terminology -- recurs by frequency alone, no cross-book consistency needed"
bad practices,"generic English collocation, not domain terminology -- recurs by frequency alone, no cross-book consistency needed"
best efforts,"generic English collocation, not domain terminology -- recurs by frequency alone, no cross-book consistency needed"
better practice,"generic English collocation, not domain terminology -- recurs by frequency alone, no cross-book consistency needed"
brings us,"generic English collocation, not domain terminology -- recurs by frequency alone, no cross-book consistency needed"
come together,"generic English collocation, not domain terminology -- recurs by frequency alone, no cross-book consistency needed"
doing something,"generic English collocation, not domain terminology -- recurs by frequency alone, no cross-book consistency needed"
far away,"generic English collocation, not domain terminology -- recurs by frequency alone, no cross-book consistency needed"
few months,"generic English collocation, not domain terminology -- recurs by frequency alone, no cross-book consistency needed"
good enough,"generic English collocation, not domain terminology -- recurs by frequency alone, no cross-book consistency needed"
good idea,"generic English collocation, not domain terminology -- recurs by frequency alone, no cross-book consistency needed"
good start,"generic English collocation, not domain terminology -- recurs by frequency alone, no cross-book consistency needed"
good work,"generic English collocation, not domain terminology -- recurs by frequency alone, no cross-book consistency needed"
interactions between,"generic English collocation, not domain terminology -- recurs by frequency alone, no cross-book consistency needed"
interested friend,"generic English collocation, not domain terminology -- recurs by frequency alone, no cross-book consistency needed"
learn something,"generic English collocation, not domain terminology -- recurs by frequency alone, no cross-book consistency needed"
Let's take,"generic English collocation, not domain terminology -- recurs by frequency alone, no cross-book consistency needed"
make sense,"generic English collocation, not domain terminology -- recurs by frequency alone, no cross-book consistency needed"
minutes late,"generic English collocation, not domain terminology -- recurs by frequency alone, no cross-book consistency needed"
Now it's,"generic English collocation, not domain terminology -- recurs by frequency alone, no cross-book consistency needed"
now seen,"generic English collocation, not domain terminology -- recurs by frequency alone, no cross-book consistency needed"
particularly relevant,"generic English collocation, not domain terminology -- recurs by frequency alone, no cross-book consistency needed"
quite different,"generic English collocation, not domain terminology -- recurs by frequency alone, no cross-book consistency needed"
read my,"generic English collocation, not domain terminology -- recurs by frequency alone, no cross-book consistency needed"
really important,"generic English collocation, not domain terminology -- recurs by frequency alone, no cross-book consistency needed"
relatively large,"generic English collocation, not domain terminology -- recurs by frequency alone, no cross-book consistency needed"
right hand side,"generic English collocation, not domain terminology -- recurs by frequency alone, no cross-book consistency needed"
same kind,"generic English collocation, not domain terminology -- recurs by frequency alone, no cross-book consistency needed"
Think back,"generic English collocation, not domain terminology -- recurs by frequency alone, no cross-book consistency needed"
years earlier,"generic English collocation, not domain terminology -- recurs by frequency alone, no cross-book consistency needed"
you'll need,"generic English collocation, not domain terminology -- recurs by frequency alone, no cross-book consistency needed"
you're interested,"generic English collocation, not domain terminology -- recurs by frequency alone, no cross-book consistency needed"
almost certainly,"generic English collocation, not domain terminology -- recurs by frequency alone, no cross-book consistency needed"
almost immediately,"generic English collocation, not domain terminology -- recurs by frequency alone, no cross-book consistency needed"
already discussed,"generic English collocation, not domain terminology -- recurs by frequency alone, no cross-book consistency needed"
another look,"generic English collocation, not domain terminology -- recurs by frequency alone, no cross-book consistency needed"
anywhere near,"generic English collocation, not domain terminology -- recurs by frequency alone, no cross-book consistency needed"
asked me,"generic English collocation, not domain terminology -- recurs by frequency alone, no cross-book consistency needed"
before continuing,"generic English collocation, not domain terminology -- recurs by frequency alone, no cross-book consistency needed"
calls per hour,"generic English collocation, not domain terminology -- recurs by frequency alone, no cross-book consistency needed"
discriminate between,"generic English collocation, not domain terminology -- recurs by frequency alone, no cross-book consistency needed"
distinction between,"generic English collocation, not domain terminology -- recurs by frequency alone, no cross-book consistency needed"
even before,"generic English collocation, not domain terminology -- recurs by frequency alone, no cross-book consistency needed"
every month,"generic English collocation, not domain terminology -- recurs by frequency alone, no cross-book consistency needed"
everybody else,"generic English collocation, not domain terminology -- recurs by frequency alone, no cross-book consistency needed"
far apart,"generic English collocation, not domain terminology -- recurs by frequency alone, no cross-book consistency needed"
find my,"generic English collocation, not domain terminology -- recurs by frequency alone, no cross-book consistency needed"
fit together,"generic English collocation, not domain terminology -- recurs by frequency alone, no cross-book consistency needed"
fourth week,"generic English collocation, not domain terminology -- recurs by frequency alone, no cross-book consistency needed"
give us,"generic English collocation, not domain terminology -- recurs by frequency alone, no cross-book consistency needed"
go outside,"generic English collocation, not domain terminology -- recurs by frequency alone, no cross-book consistency needed"
good friend,"generic English collocation, not domain terminology -- recurs by frequency alone, no cross-book consistency needed"
hand column,"generic English collocation, not domain terminology -- recurs by frequency alone, no cross-book consistency needed"
I've already,"generic English collocation, not domain terminology -- recurs by frequency alone, no cross-book consistency needed"
left hand side,"generic English collocation, not domain terminology -- recurs by frequency alone, no cross-book consistency needed"
lies between,"generic English collocation, not domain terminology -- recurs by frequency alone, no cross-book consistency needed"
looking back,"generic English collocation, not domain terminology -- recurs by frequency alone, no cross-book consistency needed"
many thousands,"generic English collocation, not domain terminology -- recurs by frequency alone, no cross-book consistency needed"
mentioned above,"generic English collocation, not domain terminology -- recurs by frequency alone, no cross-book consistency needed"
much better,"generic English collocation, not domain terminology -- recurs by frequency alone, no cross-book consistency needed"
my delegates,"generic English collocation, not domain terminology -- recurs by frequency alone, no cross-book consistency needed"
my discussion,"generic English collocation, not domain terminology -- recurs by frequency alone, no cross-book consistency needed"
my initial,"generic English collocation, not domain terminology -- recurs by frequency alone, no cross-book consistency needed"
my timing,"generic English collocation, not domain terminology -- recurs by frequency alone, no cross-book consistency needed"
my timing guidance,"generic English collocation, not domain terminology -- recurs by frequency alone, no cross-book consistency needed"
nowhere near,"generic English collocation, not domain terminology -- recurs by frequency alone, no cross-book consistency needed"
relatively small,"generic English collocation, not domain terminology -- recurs by frequency alone, no cross-book consistency needed"
same thing,"generic English collocation, not domain terminology -- recurs by frequency alone, no cross-book consistency needed"
second week,"generic English collocation, not domain terminology -- recurs by frequency alone, no cross-book consistency needed"
seen something,"generic English collocation, not domain terminology -- recurs by frequency alone, no cross-book consistency needed"
takes us,"generic English collocation, not domain terminology -- recurs by frequency alone, no cross-book consistency needed"
third week,"generic English collocation, not domain terminology -- recurs by frequency alone, no cross-book consistency needed"
time between,"generic English collocation, not domain terminology -- recurs by frequency alone, no cross-book consistency needed"
time later,"generic English collocation, not domain terminology -- recurs by frequency alone, no cross-book consistency needed"
too many,"generic English collocation, not domain terminology -- recurs by frequency alone, no cross-book consistency needed"
various possibilities,"generic English collocation, not domain terminology -- recurs by frequency alone, no cross-book consistency needed"
you'll recall,"generic English collocation, not domain terminology -- recurs by frequency alone, no cross-book consistency needed"
you'll soon,"generic English collocation, not domain terminology -- recurs by frequency alone, no cross-book consistency needed"
after completing,"generic English collocation, not domain terminology -- recurs by frequency alone, no cross-book consistency needed"
already well,"generic English collocation, not domain terminology -- recurs by frequency alone, no cross-book consistency needed"
anybody else,"generic English collocation, not domain terminology -- recurs by frequency alone, no cross-book consistency needed"
areas rather,"generic English collocation, not domain terminology -- recurs by frequency alone, no cross-book consistency needed"
better description,"generic English collocation, not domain terminology -- recurs by frequency alone, no cross-book consistency needed"
bottom left,"generic English collocation, not domain terminology -- recurs by frequency alone, no cross-book consistency needed"
close together,"generic English collocation, not domain terminology -- recurs by frequency alone, no cross-book consistency needed"
come back,"generic English collocation, not domain terminology -- recurs by frequency alone, no cross-book consistency needed"
connections between,"generic English collocation, not domain terminology -- recurs by frequency alone, no cross-book consistency needed"
deep thought,"generic English collocation, not domain terminology -- recurs by frequency alone, no cross-book consistency needed"
different things,"generic English collocation, not domain terminology -- recurs by frequency alone, no cross-book consistency needed"
don't get,"generic English collocation, not domain terminology -- recurs by frequency alone, no cross-book consistency needed"
don't want,"generic English collocation, not domain terminology -- recurs by frequency alone, no cross-book consistency needed"
extremely useful,"generic English collocation, not domain terminology -- recurs by frequency alone, no cross-book consistency needed"
falling outside,"generic English collocation, not domain terminology -- recurs by frequency alone, no cross-book consistency needed"
feel free,"generic English collocation, not domain terminology -- recurs by frequency alone, no cross-book consistency needed"
few minutes,"generic English collocation, not domain terminology -- recurs by frequency alone, no cross-book consistency needed"
first place,"generic English collocation, not domain terminology -- recurs by frequency alone, no cross-book consistency needed"
advance notice,"generic English collocation, not domain terminology -- recurs by frequency alone, no cross-book consistency needed"
another example,"generic English collocation, not domain terminology -- recurs by frequency alone, no cross-book consistency needed"
archived snapshot,"generic English collocation, not domain terminology -- recurs by frequency alone, no cross-book consistency needed"
around Point,"generic English collocation, not domain terminology -- recurs by frequency alone, no cross-book consistency needed"
asking questions,"generic English collocation, not domain terminology -- recurs by frequency alone, no cross-book consistency needed"
basic guidance,"generic English collocation, not domain terminology -- recurs by frequency alone, no cross-book consistency needed"
both cases,"generic English collocation, not domain terminology -- recurs by frequency alone, no cross-book consistency needed"
both parts,"generic English collocation, not domain terminology -- recurs by frequency alone, no cross-book consistency needed"
chart tells,"generic English collocation, not domain terminology -- recurs by frequency alone, no cross-book consistency needed"
closely related,"generic English collocation, not domain terminology -- recurs by frequency alone, no cross-book consistency needed"
course material,"generic English collocation, not domain terminology -- recurs by frequency alone, no cross-book consistency needed"
current outcome,"generic English collocation, not domain terminology -- recurs by frequency alone, no cross-book consistency needed"
data available,"generic English collocation, not domain terminology -- recurs by frequency alone, no cross-book consistency needed"
Deming believed,"generic English collocation, not domain terminology -- recurs by frequency alone, no cross-book consistency needed"
Deming came,"generic English collocation, not domain terminology -- recurs by frequency alone, no cross-book consistency needed"
Deming gave,"generic English collocation, not domain terminology -- recurs by frequency alone, no cross-book consistency needed"
Deming himself,"generic English collocation, not domain terminology -- recurs by frequency alone, no cross-book consistency needed"
Deming often pointed,"generic English collocation, not domain terminology -- recurs by frequency alone, no cross-book consistency needed"
Deming put,"generic English collocation, not domain terminology -- recurs by frequency alone, no cross-book consistency needed"
Deming said,"generic English collocation, not domain terminology -- recurs by frequency alone, no cross-book consistency needed"
Deming taught,"generic English collocation, not domain terminology -- recurs by frequency alone, no cross-book consistency needed"
Deming used,"generic English collocation, not domain terminology -- recurs by frequency alone, no cross-book consistency needed"
Deming's second,"generic English collocation, not domain terminology -- recurs by frequency alone, no cross-book consistency needed"
Deming's words,"generic English collocation, not domain terminology -- recurs by frequency alone, no cross-book consistency needed"
Deming's work,"generic English collocation, not domain terminology -- recurs by frequency alone, no cross-book consistency needed"
derived using,"generic English collocation, not domain terminology -- recurs by frequency alone, no cross-book consistency needed"
different levels,"generic English collocation, not domain terminology -- recurs by frequency alone, no cross-book consistency needed"
different people,"generic English collocation, not domain terminology -- recurs by frequency alone, no cross-book consistency needed"
different ways,"generic English collocation, not domain terminology -- recurs by frequency alone, no cross-book consistency needed"
directly related,"generic English collocation, not domain terminology -- recurs by frequency alone, no cross-book consistency needed"
distributed data,"generic English collocation, not domain terminology -- recurs by frequency alone, no cross-book consistency needed"
doing well,"generic English collocation, not domain terminology -- recurs by frequency alone, no cross-book consistency needed"
early stage,"generic English collocation, not domain terminology -- recurs by frequency alone, no cross-book consistency needed"
either case,"generic English collocation, not domain terminology -- recurs by frequency alone, no cross-book consistency needed"
ever increasing,"generic English collocation, not domain terminology -- recurs by frequency alone, no cross-book consistency needed"
every time,"generic English collocation, not domain terminology -- recurs by frequency alone, no cross-book consistency needed"
exact science,"generic English collocation, not domain terminology -- recurs by frequency alone, no cross-book consistency needed"
expanded version,"generic English collocation, not domain terminology -- recurs by frequency alone, no cross-book consistency needed"
familiarise yourself,"generic English collocation, not domain terminology -- recurs by frequency alone, no cross-book consistency needed"
final section,"generic English collocation, not domain terminology -- recurs by frequency alone, no cross-book consistency needed"
find probabilities,"generic English collocation, not domain terminology -- recurs by frequency alone, no cross-book consistency needed"
first half,"generic English collocation, not domain terminology -- recurs by frequency alone, no cross-book consistency needed"
first heard,"generic English collocation, not domain terminology -- recurs by frequency alone, no cross-book consistency needed"
first part,"generic English collocation, not domain terminology -- recurs by frequency alone, no cross-book consistency needed"
first published,"generic English collocation, not domain terminology -- recurs by frequency alone, no cross-book consistency needed"
first read,"generic English collocation, not domain terminology -- recurs by frequency alone, no cross-book consistency needed"
first saw,"generic English collocation, not domain terminology -- recurs by frequency alone, no cross-book consistency needed"
first stage,"generic English collocation, not domain terminology -- recurs by frequency alone, no cross-book consistency needed"
first time,"generic English collocation, not domain terminology -- recurs by frequency alone, no cross-book consistency needed"
following table,"generic English collocation, not domain terminology -- recurs by frequency alone, no cross-book consistency needed"
Ford example,"generic English collocation, not domain terminology -- recurs by frequency alone, no cross-book consistency needed"
further away,"generic English collocation, not domain terminology -- recurs by frequency alone, no cross-book consistency needed"
generating data,"generic English collocation, not domain terminology -- recurs by frequency alone, no cross-book consistency needed"
get closer,"generic English collocation, not domain terminology -- recurs by frequency alone, no cross-book consistency needed"
going back,"generic English collocation, not domain terminology -- recurs by frequency alone, no cross-book consistency needed"
good example,"generic English collocation, not domain terminology -- recurs by frequency alone, no cross-book consistency needed"
good intentions,"generic English collocation, not domain terminology -- recurs by frequency alone, no cross-book consistency needed"
grand total,"generic English collocation, not domain terminology -- recurs by frequency alone, no cross-book consistency needed"
great deal,"generic English collocation, not domain terminology -- recurs by frequency alone, no cross-book consistency needed"
half hour,"generic English collocation, not domain terminology -- recurs by frequency alone, no cross-book consistency needed"
hand drawn,"generic English collocation, not domain terminology -- recurs by frequency alone, no cross-book consistency needed"
house seminars,"generic English collocation, not domain terminology -- recurs by frequency alone, no cross-book consistency needed"
I'll ask,"generic English collocation, not domain terminology -- recurs by frequency alone, no cross-book consistency needed"
I'll give,"generic English collocation, not domain terminology -- recurs by frequency alone, no cross-book consistency needed"
immediately see,"generic English collocation, not domain terminology -- recurs by frequency alone, no cross-book consistency needed"
important point,"generic English collocation, not domain terminology -- recurs by frequency alone, no cross-book consistency needed"
Indian man,"generic English collocation, not domain terminology -- recurs by frequency alone, no cross-book consistency needed"
individual student,"generic English collocation, not domain terminology -- recurs by frequency alone, no cross-book consistency needed"
it's easy,"generic English collocation, not domain terminology -- recurs by frequency alone, no cross-book consistency needed"
it's rather,"generic English collocation, not domain terminology -- recurs by frequency alone, no cross-book consistency needed"
it's time,"generic English collocation, not domain terminology -- recurs by frequency alone, no cross-book consistency needed"
kind enough,"generic English collocation, not domain terminology -- recurs by frequency alone, no cross-book consistency needed"
large majority,"generic English collocation, not domain terminology -- recurs by frequency alone, no cross-book consistency needed"
large number,"generic English collocation, not domain terminology -- recurs by frequency alone, no cross-book consistency needed"
league table,"generic English collocation, not domain terminology -- recurs by frequency alone, no cross-book consistency needed"
learning material,"generic English collocation, not domain terminology -- recurs by frequency alone, no cross-book consistency needed"
Let's look,"generic English collocation, not domain terminology -- recurs by frequency alone, no cross-book consistency needed"
Let's recall,"generic English collocation, not domain terminology -- recurs by frequency alone, no cross-book consistency needed"
let's return,"generic English collocation, not domain terminology -- recurs by frequency alone, no cross-book consistency needed"
lie between,"generic English collocation, not domain terminology -- recurs by frequency alone, no cross-book consistency needed"
little girl,"generic English collocation, not domain terminology -- recurs by frequency alone, no cross-book consistency needed"
little time,"generic English collocation, not domain terminology -- recurs by frequency alone, no cross-book consistency needed"
little trouble,"generic English collocation, not domain terminology -- recurs by frequency alone, no cross-book consistency needed"
little while later,"generic English collocation, not domain terminology -- recurs by frequency alone, no cross-book consistency needed"
long time,"generic English collocation, not domain terminology -- recurs by frequency alone, no cross-book consistency needed"
long way,"generic English collocation, not domain terminology -- recurs by frequency alone, no cross-book consistency needed"
look ahead,"generic English collocation, not domain terminology -- recurs by frequency alone, no cross-book consistency needed"
look forward,"generic English collocation, not domain terminology -- recurs by frequency alone, no cross-book consistency needed"
main material,"generic English collocation, not domain terminology -- recurs by frequency alone, no cross-book consistency needed"
main text,"generic English collocation, not domain terminology -- recurs by frequency alone, no cross-book consistency needed"
main themes,"generic English collocation, not domain terminology -- recurs by frequency alone, no cross-book consistency needed"
major issues,"generic English collocation, not domain terminology -- recurs by frequency alone, no cross-book consistency needed"
many organisations,"generic English collocation, not domain terminology -- recurs by frequency alone, no cross-book consistency needed"
many ways,"generic English collocation, not domain terminology -- recurs by frequency alone, no cross-book consistency needed"
marble finishes,"generic English collocation, not domain terminology -- recurs by frequency alone, no cross-book consistency needed"
mathematical derivations,"generic English collocation, not domain terminology -- recurs by frequency alone, no cross-book consistency needed"
mathematical models,"generic English collocation, not domain terminology -- recurs by frequency alone, no cross-book consistency needed"
maybe even,"generic English collocation, not domain terminology -- recurs by frequency alone, no cross-book consistency needed"
me tell,"generic English collocation, not domain terminology -- recurs by frequency alone, no cross-book consistency needed"
medium sized,"generic English collocation, not domain terminology -- recurs by frequency alone, no cross-book consistency needed"
must come,"generic English collocation, not domain terminology -- recurs by frequency alone, no cross-book consistency needed"
my career,"generic English collocation, not domain terminology -- recurs by frequency alone, no cross-book consistency needed"
my comments,"generic English collocation, not domain terminology -- recurs by frequency alone, no cross-book consistency needed"
my good,"generic English collocation, not domain terminology -- recurs by frequency alone, no cross-book consistency needed"
my good friend,"generic English collocation, not domain terminology -- recurs by frequency alone, no cross-book consistency needed"
my pulse,"generic English collocation, not domain terminology -- recurs by frequency alone, no cross-book consistency needed"
my students,"generic English collocation, not domain terminology -- recurs by frequency alone, no cross-book consistency needed"
natural process,"generic English collocation, not domain terminology -- recurs by frequency alone, no cross-book consistency needed"
new edition,"generic English collocation, not domain terminology -- recurs by frequency alone, no cross-book consistency needed"
new product,"generic English collocation, not domain terminology -- recurs by frequency alone, no cross-book consistency needed"
nothing else,"generic English collocation, not domain terminology -- recurs by frequency alone, no cross-book consistency needed"
now become,"generic English collocation, not domain terminology -- recurs by frequency alone, no cross-book consistency needed"
now see,"generic English collocation, not domain terminology -- recurs by frequency alone, no cross-book consistency needed"
now take,"generic English collocation, not domain terminology -- recurs by frequency alone, no cross-book consistency needed"
often described,"generic English collocation, not domain terminology -- recurs by frequency alone, no cross-book consistency needed"
only difference,"generic English collocation, not domain terminology -- recurs by frequency alone, no cross-book consistency needed"
only make,"generic English collocation, not domain terminology -- recurs by frequency alone, no cross-book consistency needed"
only way,"generic English collocation, not domain terminology -- recurs by frequency alone, no cross-book consistency needed"
people learn,"generic English collocation, not domain terminology -- recurs by frequency alone, no cross-book consistency needed"
per cent,"generic English collocation, not domain terminology -- recurs by frequency alone, no cross-book consistency needed"
per worker,"generic English collocation, not domain terminology -- recurs by frequency alone, no cross-book consistency needed"
per worker per,"generic English collocation, not domain terminology -- recurs by frequency alone, no cross-book consistency needed"
points below,"generic English collocation, not domain terminology -- recurs by frequency alone, no cross-book consistency needed"
points fluctuate,"generic English collocation, not domain terminology -- recurs by frequency alone, no cross-book consistency needed"
prescribed text,"generic English collocation, not domain terminology -- recurs by frequency alone, no cross-book consistency needed"
previous knowledge,"generic English collocation, not domain terminology -- recurs by frequency alone, no cross-book consistency needed"
previous paragraph,"generic English collocation, not domain terminology -- recurs by frequency alone, no cross-book consistency needed"
previous section,"generic English collocation, not domain terminology -- recurs by frequency alone, no cross-book consistency needed"
prime purpose,"generic English collocation, not domain terminology -- recurs by frequency alone, no cross-book consistency needed"
quite difficult,"generic English collocation, not domain terminology -- recurs by frequency alone, no cross-book consistency needed"
quite short,"generic English collocation, not domain terminology -- recurs by frequency alone, no cross-book consistency needed"
quite similar,"generic English collocation, not domain terminology -- recurs by frequency alone, no cross-book consistency needed"
quite simply,"generic English collocation, not domain terminology -- recurs by frequency alone, no cross-book consistency needed"
quite well,"generic English collocation, not domain terminology -- recurs by frequency alone, no cross-book consistency needed"
rather less,"generic English collocation, not domain terminology -- recurs by frequency alone, no cross-book consistency needed"
rd edition,"generic English collocation, not domain terminology -- recurs by frequency alone, no cross-book consistency needed"
read off,"generic English collocation, not domain terminology -- recurs by frequency alone, no cross-book consistency needed"
read Part,"generic English collocation, not domain terminology -- recurs by frequency alone, no cross-book consistency needed"
real processes,"generic English collocation, not domain terminology -- recurs by frequency alone, no cross-book consistency needed"
real sales,"generic English collocation, not domain terminology -- recurs by frequency alone, no cross-book consistency needed"
real work,"generic English collocation, not domain terminology -- recurs by frequency alone, no cross-book consistency needed"
real world,"generic English collocation, not domain terminology -- recurs by frequency alone, no cross-book consistency needed"
recruitment advertisement,"generic English collocation, not domain terminology -- recurs by frequency alone, no cross-book consistency needed"
red box,"generic English collocation, not domain terminology -- recurs by frequency alone, no cross-book consistency needed"
relatively easy,"generic English collocation, not domain terminology -- recurs by frequency alone, no cross-book consistency needed"
remind yourself,"generic English collocation, not domain terminology -- recurs by frequency alone, no cross-book consistency needed"
same time,"generic English collocation, not domain terminology -- recurs by frequency alone, no cross-book consistency needed"
same way,"generic English collocation, not domain terminology -- recurs by frequency alone, no cross-book consistency needed"
second book,"generic English collocation, not domain terminology -- recurs by frequency alone, no cross-book consistency needed"
second half,"generic English collocation, not domain terminology -- recurs by frequency alone, no cross-book consistency needed"
second phase,"generic English collocation, not domain terminology -- recurs by frequency alone, no cross-book consistency needed"
second sentence,"generic English collocation, not domain terminology -- recurs by frequency alone, no cross-book consistency needed"
set aside,"generic English collocation, not domain terminology -- recurs by frequency alone, no cross-book consistency needed"
several years,"generic English collocation, not domain terminology -- recurs by frequency alone, no cross-book consistency needed"
shall use,"generic English collocation, not domain terminology -- recurs by frequency alone, no cross-book consistency needed"
short articles,"generic English collocation, not domain terminology -- recurs by frequency alone, no cross-book consistency needed"
short extracts,"generic English collocation, not domain terminology -- recurs by frequency alone, no cross-book consistency needed"
short sentence,"generic English collocation, not domain terminology -- recurs by frequency alone, no cross-book consistency needed"
simple arithmetic,"generic English collocation, not domain terminology -- recurs by frequency alone, no cross-book consistency needed"
simple example,"generic English collocation, not domain terminology -- recurs by frequency alone, no cross-book consistency needed"
single word,"generic English collocation, not domain terminology -- recurs by frequency alone, no cross-book consistency needed"
six points,"generic English collocation, not domain terminology -- recurs by frequency alone, no cross-book consistency needed"
small groups,"generic English collocation, not domain terminology -- recurs by frequency alone, no cross-book consistency needed"
someone else,"generic English collocation, not domain terminology -- recurs by frequency alone, no cross-book consistency needed"
soon found,"generic English collocation, not domain terminology -- recurs by frequency alone, no cross-book consistency needed"
statistical tool,"generic English collocation, not domain terminology -- recurs by frequency alone, no cross-book consistency needed"
still need,"generic English collocation, not domain terminology -- recurs by frequency alone, no cross-book consistency needed"
stock market,"generic English collocation, not domain terminology -- recurs by frequency alone, no cross-book consistency needed"
strong link,"generic English collocation, not domain terminology -- recurs by frequency alone, no cross-book consistency needed"
such activities,"generic English collocation, not domain terminology -- recurs by frequency alone, no cross-book consistency needed"
such cases,"generic English collocation, not domain terminology -- recurs by frequency alone, no cross-book consistency needed"
such circumstances,"generic English collocation, not domain terminology -- recurs by frequency alone, no cross-book consistency needed"
such data,"generic English collocation, not domain terminology -- recurs by frequency alone, no cross-book consistency needed"
such matters,"generic English collocation, not domain terminology -- recurs by frequency alone, no cross-book consistency needed"
such terms,"generic English collocation, not domain terminology -- recurs by frequency alone, no cross-book consistency needed"
system itself,"generic English collocation, not domain terminology -- recurs by frequency alone, no cross-book consistency needed"
system rather,"generic English collocation, not domain terminology -- recurs by frequency alone, no cross-book consistency needed"
take another,"generic English collocation, not domain terminology -- recurs by frequency alone, no cross-book consistency needed"
take another look,"generic English collocation, not domain terminology -- recurs by frequency alone, no cross-book consistency needed"
technical details,"generic English collocation, not domain terminology -- recurs by frequency alone, no cross-book consistency needed"
time ago,"generic English collocation, not domain terminology -- recurs by frequency alone, no cross-book consistency needed"
time during,"generic English collocation, not domain terminology -- recurs by frequency alone, no cross-book consistency needed"
time thinking,"generic English collocation, not domain terminology -- recurs by frequency alone, no cross-book consistency needed"
times before,"generic English collocation, not domain terminology -- recurs by frequency alone, no cross-book consistency needed"
Today's material,"generic English collocation, not domain terminology -- recurs by frequency alone, no cross-book consistency needed"
too much time,"generic English collocation, not domain terminology -- recurs by frequency alone, no cross-book consistency needed"
top left,"generic English collocation, not domain terminology -- recurs by frequency alone, no cross-book consistency needed"
trade deficits,"generic English collocation, not domain terminology -- recurs by frequency alone, no cross-book consistency needed"
us back,"generic English collocation, not domain terminology -- recurs by frequency alone, no cross-book consistency needed"
US trade,"generic English collocation, not domain terminology -- recurs by frequency alone, no cross-book consistency needed"
used during,"generic English collocation, not domain terminology -- recurs by frequency alone, no cross-book consistency needed"
vacuum cleaner,"generic English collocation, not domain terminology -- recurs by frequency alone, no cross-book consistency needed"
ve already,"generic English collocation, not domain terminology -- recurs by frequency alone, no cross-book consistency needed"
well beyond,"generic English collocation, not domain terminology -- recurs by frequency alone, no cross-book consistency needed"
while later,"generic English collocation, not domain terminology -- recurs by frequency alone, no cross-book consistency needed"
wide range,"generic English collocation, not domain terminology -- recurs by frequency alone, no cross-book consistency needed"
worker per,"generic English collocation, not domain terminology -- recurs by frequency alone, no cross-book consistency needed"
worker per week,"generic English collocation, not domain terminology -- recurs by frequency alone, no cross-book consistency needed"
worth pointing,"generic English collocation, not domain terminology -- recurs by frequency alone, no cross-book consistency needed"
